--------------------------------------------------------
--  DDL for HLUO Database
--------------------------------------------------------
DROP TABLE reg_errores;
DROP TABLE huesped_tour CASCADE CONSTRAINTS;
DROP TABLE tramos_consumos CASCADE CONSTRAINTS;
DROP TABLE tour CASCADE CONSTRAINTS;
DROP TABLE detalle_reserva CASCADE CONSTRAINTS; 
DROP TABLE consumo CASCADE CONSTRAINTS;
DROP TABLE reserva CASCADE CONSTRAINTS;
DROP TABLE habitacion CASCADE CONSTRAINTS;
DROP TABLE huesped CASCADE CONSTRAINTS;
DROP TABLE agencia CASCADE CONSTRAINTS;
DROP TABLE procedencia CASCADE CONSTRAINTS;
DROP TABLE empleado CASCADE CONSTRAINTS;
DROP TABLE categoria CASCADE CONSTRAINTS;
DROP TABLE incentivos CASCADE CONSTRAINTS;
DROP TABLE region CASCADE CONSTRAINTS;
DROP TABLE detalle_diario_huespedes CASCADE CONSTRAINTS;
DROP TABLE total_consumos;
DROP TABLE puntos_mes_huesped;


DROP SEQUENCE sq_cat;
DROP SEQUENCE sq_htour;
DROP SEQUENCE sq_error;

CREATE SEQUENCE sq_htour;
CREATE SEQUENCE sq_cat;
CREATE SEQUENCE sq_error;

--------------------------------------------------------
--  DDL for Table CATEGORIA
--------------------------------------------------------
CREATE TABLE categoria (
   id_categoria NUMBER(1) NOT NULL,
   nom_categoria VARCHAR2(20) NOT NULL,
   pct NUMBER(5,3),
   CONSTRAINT pk_categoria PRIMARY KEY (id_categoria)
);

--------------------------------------------------------
--  DDL for Table REGION
--------------------------------------------------------
CREATE TABLE region (
   id_region NUMBER(1) NOT NULL,
   nom_region VARCHAR2(20) NOT NULL,
   CONSTRAINT pk_region PRIMARY KEY (id_region)
);

--------------------------------------------------------
--  DDL for Table AGENCIA
--------------------------------------------------------
 CREATE TABLE agencia (
  id_agencia NUMBER(2) NOT NULL, 
  nom_agencia VARCHAR2(35),
  pct_agencia NUMBER (4,2),
  CONSTRAINT agencia_pk PRIMARY KEY (id_agencia)
);

--------------------------------------------------------
--  DDL for Table PUNTOS_MES_HUESPED
--------------------------------------------------------
 CREATE TABLE puntos_mes_huesped (
  id_huesped NUMBER(6) NOT NULL,
  nombre_huesped VARCHAR2(100) NOT NULL,
  total_a_pago NUMBER(10) NOT NULL,
  monto_puntos NUMBER(6) NOT NULL,
  CONSTRAINT puntos_huesped_pk PRIMARY KEY (id_huesped)
);


--------------------------------------------------------
--  DDL for Table EMPLEADO
--------------------------------------------------------
CREATE TABLE empleado
(
  run_empleado    VARCHAR2(10) NOT NULL,
  nom_empleado    VARCHAR2(40) NOT NULL,
  dir_empleado    VARCHAR2(60) NOT NULL,
  fono_empleado   NUMBER(10) NOT NULL,
  sueldo_base		  NUMBER(8) NOT NULL,
  comision		    NUMBER(4,2),
  id_categoria    NUMBER(1) NOT NULL,
  CONSTRAINT PK_runempleado PRIMARY KEY (run_empleado)
);

--------------------------------------------------------
--  DDL for Table huesped
--------------------------------------------------------
CREATE TABLE huesped (
  id_huesped NUMBER(6) NOT NULL, 
  appat_huesped VARCHAR2(25) NOT NULL, 
  apmat_huesped VARCHAR2(25) NOT NULL,
  nom_huesped VARCHAR2(24) NOT NULL, 
  id_procedencia NUMBER(3),
  id_agencia NUMBER(2),
  CONSTRAINT pk_huesped PRIMARY KEY (id_huesped)  
);

--------------------------------------------------------
--  DDL for Table huesped_TOUR
--------------------------------------------------------

CREATE TABLE huesped_tour (
  id_huespedtour NUMBER(4) NOT NULL, 
  id_huesped NUMBER(6) NOT NULL, 
  id_tour NUMBER(3) NOT NULL,
  num_personas NUMBER(2),
  CONSTRAINT pk_huesped_tour PRIMARY KEY (id_huespedtour)
);
--------------------------------------------------------
--  DDL for Table CONSUMO
--------------------------------------------------------
CREATE TABLE consumo (
  id_consumo NUMBER(6)  NOT NULL,   
  id_reserva NUMBER(6)  NOT NULL, 
  id_huesped NUMBER(6) NOT NULL, 
  monto NUMBER(4) NOT NULL, 
  CONSTRAINT pk_consumo PRIMARY KEY (id_consumo)
);
--------------------------------------------------------
--  DDL for Table HABITACION
--------------------------------------------------------

CREATE TABLE habitacion (
  id_habitacion NUMBER(3) NOT NULL, 
  tipo_habitacion VARCHAR2(2) NOT NULL,
  valor_habitacion NUMBER(3) NOT NULL, 
  valor_minibar NUMBER(3) NOT NULL,
  CONSTRAINT pk_habitacion PRIMARY KEY (id_habitacion)
);
--------------------------------------------------------
--  DDL for Table PROCEDENCIA
--------------------------------------------------------

CREATE TABLE procedencia (
  id_procedencia NUMBER(3) NOT NULL, 
  nom_procedencia VARCHAR2(70) NOT NULL,
  id_region number(3) not null,
  CONSTRAINT pk_procedencia PRIMARY KEY (id_procedencia)  
);

--------------------------------------------------------
--  DDL for Table RESERVA
--------------------------------------------------------

CREATE TABLE reserva (
  id_reserva NUMBER(6) NOT NULL,
  id_huesped NUMBER(6) NOT NULL, 
  ingreso DATE NOT NULL, 
  estadia NUMBER(2) NOT NULL,
  run_empleado VARCHAR2(10) NOT NULL,
  CONSTRAINT pk_reserva PRIMARY KEY (id_reserva)
);

--------------------------------------------------------
--  DDL for Table TOUR
--------------------------------------------------------
CREATE TABLE tour (
  id_tour NUMBER NOT NULL, 
  nom_tour VARCHAR2(50) NOT NULL,
  valor_tour NUMBER(6) NOT NULL,
  tiempo VARCHAR2(20) NOT NULL,
  CONSTRAINT pk_tour PRIMARY KEY (id_tour)  
);

--------------------------------------------------------
--  DDL for Table DETALLE_RESERVA
--------------------------------------------------------
CREATE TABLE detalle_reserva (
  id_reserva NUMBER(6) NOT NULL, 
  id_habitacion NUMBER(3) NOT NULL,
  CONSTRAINT pk_detallereserva PRIMARY KEY (id_reserva, id_habitacion)  
);

--------------------------------------------------------
--  DDL for Table REG_ERRORES
--------------------------------------------------------
CREATE TABLE reg_errores (
  id_error NUMBER NOT NULL,
  nomsubprograma varchar2(200) not null,
  msg_error VARCHAR2(300),
  CONSTRAINT pk_reg_errores PRIMARY KEY (id_error)
);


--------------------------------------------------------
--  DDL for Table DETALLE_DIARIO_HUESPEDES
--------------------------------------------------------
CREATE TABLE detalle_diario_huespedes (
  id_huesped NUMBER(6) NOT NULL,
  nombre VARCHAR2(60) NOT NULL, 
  agencia VARCHAR2(40) NOT NULL, 
  alojamiento NUMBER(8) NOT NULL, 
  consumos NUMBER(8) NOT NULL,
  tours NUMBER(8) NOT NULL, 
  subtotal_pago NUMBER(8) NOT NULL,
  descuento_consumos NUMBER(8) NOT NULL,
  descuentos_agencia NUMBER(8) NOT NULL,
  total NUMBER(8) NOT NULL,
  CONSTRAINT pk_detalle PRIMARY KEY (id_huesped)
);

--------------------------------------------------------
--  DDL for Table TRAMOS_CONSUMOS
--------------------------------------------------------
CREATE TABLE tramos_consumos (
  id_tramo NUMBER,
  vmin_tramo NUMBER,
  vmax_tramo NUMBER,
  pct NUMBER(4,2),
  CONSTRAINT pk_tramos_consumos PRIMARY KEY (id_tramo)
);

--------------------------------------------------------
--  DDL for Table TOTAL_CONSUMOS
--------------------------------------------------------
CREATE TABLE total_consumos (
  id_huesped NUMBER(6) NOT NULL,
  monto_consumos NUMBER(4) NOT NULL,
  CONSTRAINT pk_total_consumos PRIMARY KEY (id_huesped)
);


ALTER TABLE empleado
	 ADD CONSTRAINT empleado_categoria_fk FOREIGN KEY (id_categoria)
	  REFERENCES categoria (id_categoria);

ALTER TABLE huesped
	 ADD CONSTRAINT huesped_agencia_fk1 FOREIGN KEY (id_agencia)
	  REFERENCES agencia (id_agencia);

ALTER TABLE huesped
	 ADD CONSTRAINT huesped_procedencia_fk1 FOREIGN KEY (id_procedencia)
	  REFERENCES procedencia (id_procedencia);

ALTER TABLE huesped_tour 
  ADD CONSTRAINT fk_huespedtour_huesped FOREIGN KEY (id_huesped)
  REFERENCES huesped (id_huesped);
  
ALTER TABLE huesped_tour 
  ADD CONSTRAINT fk_huespedtour_tour FOREIGN KEY (id_tour)
  REFERENCES tour (id_tour);
  
ALTER TABLE reserva 
  ADD CONSTRAINT fk_reserva_huesped FOREIGN KEY (id_huesped)
  REFERENCES huesped (id_huesped);

ALTER TABLE reserva 
  ADD CONSTRAINT fk_reserva_empleado FOREIGN KEY (run_empleado)
  REFERENCES empleado (run_empleado);

ALTER TABLE detalle_reserva 
  ADD CONSTRAINT fk_reserva_detallereserva FOREIGN KEY (id_reserva)
  REFERENCES reserva (id_reserva);

ALTER TABLE detalle_reserva 
  ADD CONSTRAINT fk_habitacion_detallereserva FOREIGN KEY (id_habitacion)
  REFERENCES habitacion (id_habitacion);

ALTER TABLE consumo  
   ADD CONSTRAINT consumo_huesped_fk FOREIGN KEY (id_huesped)
	  REFERENCES huesped (id_huesped); 

ALTER TABLE consumo  
   ADD CONSTRAINT consumo_reserva_fk FOREIGN KEY (id_reserva)
	  REFERENCES reserva (id_reserva); 

ALTER TABLE procedencia  
   ADD CONSTRAINT procedencia_region_fk FOREIGN KEY (id_region)
	  REFERENCES region (id_region); 

CREATE OR REPLACE TRIGGER tr_sqcat
BEFORE INSERT ON categoria
FOR EACH ROW 
WHEN (NEW.id_categoria IS NULL)
DECLARE
BEGIN 
   SELECT sq_cat.NEXTVAL INTO :NEW.id_categoria FROM DUAL;
END;
/

CREATE OR REPLACE TRIGGER tr_sqhtour
BEFORE INSERT ON huesped_tour
FOR EACH ROW 
WHEN (NEW.id_huespedtour IS NULL)
DECLARE
BEGIN 
   SELECT sq_htour.NEXTVAL INTO :NEW.id_huespedtour FROM DUAL;
END;
/

INSERT INTO REGION  VALUES (1,'Union Europea');
INSERT INTO REGION  VALUES (2,'Africa');
INSERT INTO REGION  VALUES (3,'America del Norte');
INSERT INTO REGION  VALUES (4,'CentroAmerica');
INSERT INTO REGION  VALUES (5,'Sudamerica');
INSERT INTO REGION  VALUES (6,'Asia');
INSERT INTO REGION  VALUES (7,'Oceania');

INSERT INTO categoria (nom_categoria, pct) VALUES ('Gerente', NULL);
INSERT INTO categoria (nom_categoria, pct) VALUES ('Recepcionista', 0.18);
INSERT INTO categoria (nom_categoria, pct) VALUES ('Botones', 0.15);
INSERT INTO categoria (nom_categoria, pct) VALUES ('Personal de Limpieza', 0.17);
INSERT INTO categoria (nom_categoria, pct) VALUES ('Chef', 0.125);
INSERT INTO categoria (nom_categoria, pct) VALUES ('Personal de Cocina', 0.098);

INSERT INTO empleado VALUES ('6245678-1','JUAN LOPEZ','ALAMEDA 6152',96644123,900000,0.06,1);
INSERT INTO empleado VALUES ('7812354-2','MARIA SANTANDER','APOQUINDO 9093',96168246,700000,0.08,2);
INSERT INTO empleado VALUES ('9912478-3','SIGIFRIDO SILVA','BILBAO 6200',55877315,500000,0.1,2);
INSERT INTO empleado VALUES ('14456789-4','OSCAR LARA','ALAMEDA 960',79888222,800000,0.18,2);
INSERT INTO empleado VALUES ('11245678-5','CARLOTA ITURRA','ALAMEDA 1056',94577804,300000,0.11,4);
INSERT INTO empleado VALUES ('6467708-6','MARIBEL SOTO','VICU—A MACKENNA 4555',95514545,800000,0.12,2);
INSERT INTO empleado VALUES ('10125945-7','SABINA VERGARA','AV. LA FLORIDA 15554',88656285,500000,0.15,3);
INSERT INTO empleado VALUES ('8125781-8','PATRICIA FUENTES','IRARRAZABAL 5452',74545904,450000,0.12,3);
INSERT INTO empleado VALUES ('13746912-9','ABRAHAM IGLESIAS','ALAMEDA 454',91452303,500000,0.09,3);
INSERT INTO empleado VALUES ('5446780-0','CARLOS MENDOZA','PANAMERICANA 152',95754782,600000,NULL,3);
INSERT INTO empleado VALUES ('10812874-0','LIDIA FUENZALIDA','PROVIDENCIA 4587 ',78544452,900000,0.06,5);
INSERT INTO empleado VALUES ('12456778-1','LORENA ROJAS','ALAMEDA 6152',44644123,240000,0.12,4);
INSERT INTO empleado VALUES ('10712354-2','MARIA SOTO','APOQUINDO 9093',651682456,265000,0.23,4);
INSERT INTO empleado VALUES ('11124678-3','SONIA ALVARADO','BILBAO 6200',65877315,250000,0.1,4);
INSERT INTO empleado VALUES ('10456789-4','LUIS MU—OZ','ALAMEDA 960',96888222,270000,0.14,6);
INSERT INTO empleado VALUES ('9789456-3','LUIS LORCA','ALAMEDA 1960',67567472,370000,NULL,6);


CREATE TABLE incentivos AS
SELECT run_empleado,
       TO_CHAR(SYSDATE, 'YYYYMM') fecha,
       sueldo_base * 0 asignacion,
       sueldo_base * 0 bono
FROM empleado
WHERE 1 = 2;
alter table incentivos add constraint incentivos_pk primary key (run_empleado,fecha);

INSERT INTO agencia VALUES (1,'VIAJES ENIGMA', .12);
INSERT INTO agencia VALUES (2,'TRAVEL SENTRY', .15);
INSERT INTO agencia VALUES (3,'VIAJES EL SOL', .18);
INSERT INTO agencia VALUES (4,'VIAJES ALBERTI', .14);
INSERT INTO agencia VALUES (5,'VIAJES PACÕFICO', .21);

INSERT INTO PROCEDENCIA  VALUES (101,'ALBANIA',1);
INSERT INTO PROCEDENCIA  VALUES (102,'AUSTRIA',1);
INSERT INTO PROCEDENCIA  VALUES (103,'BELGICA',1);
INSERT INTO PROCEDENCIA  VALUES (104,'BULGARIA',1);
INSERT INTO PROCEDENCIA  VALUES (105,'CHIPRE',1);
INSERT INTO PROCEDENCIA  VALUES (106,'DINAMARCA',1);
INSERT INTO PROCEDENCIA  VALUES (107,'ESPA—A',1);
INSERT INTO PROCEDENCIA  VALUES (108,'FINLANDIA',1);
INSERT INTO PROCEDENCIA  VALUES (109,'FRANCIA',1);
INSERT INTO PROCEDENCIA  VALUES (110,'GRECIA',1);
INSERT INTO PROCEDENCIA  VALUES (111,'HUNGRIA',1);
INSERT INTO PROCEDENCIA  VALUES (112,'IRLANDA',1);
INSERT INTO PROCEDENCIA  VALUES (113,'ISLANDIA',1);
INSERT INTO PROCEDENCIA  VALUES (114,'ITALIA',1);
INSERT INTO PROCEDENCIA  VALUES (115,'LIECHTENSTEIN',1);
INSERT INTO PROCEDENCIA  VALUES (116,'LUXEMBURGO',1);
INSERT INTO PROCEDENCIA  VALUES (117,'MALTA',1);
INSERT INTO PROCEDENCIA  VALUES (118,'MONACO',1);
INSERT INTO PROCEDENCIA  VALUES (119,'NORUEGA',1);
INSERT INTO PROCEDENCIA  VALUES (120,'PAISES BAJOS',1);
INSERT INTO PROCEDENCIA  VALUES (121,'POLONIA',1);
INSERT INTO PROCEDENCIA  VALUES (122,'PORTUGAL',1);
INSERT INTO PROCEDENCIA  VALUES (123,'ANDORRA',1);
INSERT INTO PROCEDENCIA  VALUES (124,'REINO UNIDO',1);
INSERT INTO PROCEDENCIA  VALUES (125,'ALEMANIA',1);
INSERT INTO PROCEDENCIA  VALUES (126,'RUMANIA',1);
INSERT INTO PROCEDENCIA  VALUES (127,'SAN MARINO',1);
INSERT INTO PROCEDENCIA  VALUES (128,'SANTA SEDE',1);
INSERT INTO PROCEDENCIA  VALUES (129,'SUECIA',1);
INSERT INTO PROCEDENCIA  VALUES (130,'SUIZA',1);
INSERT INTO PROCEDENCIA  VALUES (131,'UCRANIA',1);
INSERT INTO PROCEDENCIA  VALUES (132,'LETONIA',1);
INSERT INTO PROCEDENCIA  VALUES (133,'MOLDAVIA',1);
INSERT INTO PROCEDENCIA  VALUES (134,'BELARUS',1);
INSERT INTO PROCEDENCIA  VALUES (135,'GEORGIA',1);
INSERT INTO PROCEDENCIA  VALUES (136,'ESTONIA',1);
INSERT INTO PROCEDENCIA  VALUES (137,'LITUANIA',1);
INSERT INTO PROCEDENCIA  VALUES (138,'REPUBLICA CHECA',1);
INSERT INTO PROCEDENCIA  VALUES (139,'REPUBLICA ESLOVACA',1);
INSERT INTO PROCEDENCIA  VALUES (140,'BOSNIA Y HERZEGOVINA',1);
INSERT INTO PROCEDENCIA  VALUES (141,'CROACIA',1);
INSERT INTO PROCEDENCIA  VALUES (142,'ESLOVENIA',1);
INSERT INTO PROCEDENCIA  VALUES (143,'ARMENIA',1);
INSERT INTO PROCEDENCIA  VALUES (144,'RUSIA',1);
INSERT INTO PROCEDENCIA  VALUES (145,'MACEDONIA ',1);
INSERT INTO PROCEDENCIA  VALUES (146,'SERBIA',1);
INSERT INTO PROCEDENCIA  VALUES (147,'MONTENEGRO',1);
INSERT INTO PROCEDENCIA  VALUES (148,'GUERNESEY',1);
INSERT INTO PROCEDENCIA  VALUES (149,'SVALBARD Y JAN MAYEN',1);
INSERT INTO PROCEDENCIA  VALUES (150,'ISLAS FEROE',1);
INSERT INTO PROCEDENCIA  VALUES (151,'ISLA DE MAN',1);
INSERT INTO PROCEDENCIA  VALUES (152,'GIBRALTAR',1);
INSERT INTO PROCEDENCIA  VALUES (153,'ISLAS DEL CANAL',1);
INSERT INTO PROCEDENCIA  VALUES (154,'JERSEY',1);
INSERT INTO PROCEDENCIA  VALUES (155,'ISLAS ALAND',1);
INSERT INTO PROCEDENCIA  VALUES (156,'CANADA',3);
INSERT INTO PROCEDENCIA  VALUES (157,'ESTADOS UNIDOS DE AMERICA',3);
INSERT INTO PROCEDENCIA  VALUES (158,'MEXICO',3);
INSERT INTO PROCEDENCIA  VALUES (159,'ANTIGUA Y BARBUDA',4);
INSERT INTO PROCEDENCIA  VALUES (160,'BAHAMAS',4);
INSERT INTO PROCEDENCIA  VALUES (161,'BARBADOS',4);
INSERT INTO PROCEDENCIA  VALUES (162,'BELICE',4);
INSERT INTO PROCEDENCIA  VALUES (163,'COSTA RICA',4);
INSERT INTO PROCEDENCIA  VALUES (164,'CUBA',4);
INSERT INTO PROCEDENCIA  VALUES (165,'DOMINICA',4);
INSERT INTO PROCEDENCIA  VALUES (166,'EL SALVADOR',4);
INSERT INTO PROCEDENCIA  VALUES (167,'GRANADA',4);
INSERT INTO PROCEDENCIA  VALUES (168,'GUATEMALA',4);
INSERT INTO PROCEDENCIA  VALUES (169,'HAITI',4);
INSERT INTO PROCEDENCIA  VALUES (170,'HONDURAS',4);
INSERT INTO PROCEDENCIA  VALUES (171,'JAMAICA',4);
INSERT INTO PROCEDENCIA  VALUES (172,'NICARAGUA',4);
INSERT INTO PROCEDENCIA  VALUES (173,'PANAMA',4);
INSERT INTO PROCEDENCIA  VALUES (174,'ARGENTINA',5);
INSERT INTO PROCEDENCIA  VALUES (175,'BOLIVIA',5);
INSERT INTO PROCEDENCIA  VALUES (176,'BRASIL',5);
INSERT INTO PROCEDENCIA  VALUES (177,'COLOMBIA',5);
INSERT INTO PROCEDENCIA  VALUES (178,'CHILE',5);
INSERT INTO PROCEDENCIA  VALUES (179,'ECUADOR',5);
INSERT INTO PROCEDENCIA  VALUES (180,'GUYANA',5);
INSERT INTO PROCEDENCIA  VALUES (181,'PARAGUAY',5);
INSERT INTO PROCEDENCIA  VALUES (182,'PERU',5);
INSERT INTO PROCEDENCIA  VALUES (183,'SURINAM',5);
INSERT INTO PROCEDENCIA  VALUES (184,'URUGUAY',5);
INSERT INTO PROCEDENCIA  VALUES (185,'VENEZUELA',5);
INSERT INTO PROCEDENCIA  VALUES (186,'CHINA',6);
INSERT INTO PROCEDENCIA  VALUES (187,'EMIRATOS ARABES UNIDOS',6);
INSERT INTO PROCEDENCIA  VALUES (188,'ISRAEL',6);
INSERT INTO PROCEDENCIA  VALUES (189,'JAPON',6);
INSERT INTO PROCEDENCIA  VALUES (190,'JORDANIA',6);
INSERT INTO PROCEDENCIA  VALUES (191,'COREA',6);
INSERT INTO PROCEDENCIA  VALUES (192,'AUSTRALIA',7);
INSERT INTO PROCEDENCIA  VALUES (193,'FIJI',7);
INSERT INTO PROCEDENCIA  VALUES (194,'NUEVA ZELANDA',7);
INSERT INTO PROCEDENCIA  VALUES (195,'PAPUA NUEVA GUINEA',7);

INSERT INTO HUESPED VALUES ('340001','AGUILERA','VARGAS','FERNANDA MARISOL','192','5');
INSERT INTO HUESPED VALUES ('340002','SANDOVAL','MORALES','MARCELA PAZ','168','1');
INSERT INTO HUESPED VALUES ('340003','GOMEZ','RAMOS','JOSE OSVALDO','120','3');
INSERT INTO HUESPED VALUES ('340004','ORTIZ','FLORES','MARCELO JULIO','110','1');
INSERT INTO HUESPED VALUES ('340005','IBACETA','NEIRA','CRISTIAN ANDRES','188','4');
INSERT INTO HUESPED VALUES ('340006','VIVANCO','VALDIVIA','LEONEL ANTONIO','183','3');
INSERT INTO HUESPED VALUES ('340007','BUSTAMANTE','RAMIREZ','PAULA ANDREA','177','4');
INSERT INTO HUESPED VALUES ('340008','AGUILERA','ROJO','MARCIA ERIKA DEL CARMEN','130','5');
INSERT INTO HUESPED VALUES ('340009','VEGA','CID','PAOLA','121','2');
INSERT INTO HUESPED VALUES ('340010','CORONADO','VALDES','ARIEL EDUARDO','160','4');
INSERT INTO HUESPED VALUES ('340011','CASTELL','SANTIBAÒEZ','FABIAN RODRIGO','155','5');
INSERT INTO HUESPED VALUES ('340012','BRAVO','VILLEGAS','GUILLERMO PATRICIO','105','4');
INSERT INTO HUESPED VALUES ('340013','VEGA','PENZOZ','STEPHANIE ANDREA','134','3');
INSERT INTO HUESPED VALUES ('340014','TOLEDO','SOTO','ALEX EDUARDO','148','5');
INSERT INTO HUESPED VALUES ('340015','VELIZ','ROBIN','SOFIA VICTORIA','104','5');
INSERT INTO HUESPED VALUES ('340016','RUBIO','YEVENES','MONICA LORETO','130','4');
INSERT INTO HUESPED VALUES ('340017','FARIAS','NU—EZ','LUIS ALEJARDRO','165','4');
INSERT INTO HUESPED VALUES ('340018','ALBORNOZ','RIVAS','CHRISTIAN MIGUEL','111','2');
INSERT INTO HUESPED VALUES ('340019','ANENTO','ARRA—O','CLAUDIO MARIO','124','4');
INSERT INTO HUESPED VALUES ('340020','CADENAS','RIOS','JOB ALBERTO','156','5');
INSERT INTO HUESPED VALUES ('340021','SALGADO','GONZALEZ','DIANA ENEDINA','190','3');
INSERT INTO HUESPED VALUES ('340022','VIDAL','ALARCON','JACQUELINE HILDA','119','4');
INSERT INTO HUESPED VALUES ('340023','VALENZUELA','VASQUEZ','JORGE ALBERTO','189','5');
INSERT INTO HUESPED VALUES ('340024','OLAVE','GOGOY','FRANCISCO JAVIER','167','3');
INSERT INTO HUESPED VALUES ('340025','LAGOS','GAETE','PAOLA ALEJANDRA','177','5');
INSERT INTO HUESPED VALUES ('340026','DIAZ','MORAGA','CLAUDIA ANDREA','151','3');
INSERT INTO HUESPED VALUES ('340027','SEGURA','ESCOBAR','ISABEL DEL C.','144','5');
INSERT INTO HUESPED VALUES ('340028','CARRASCO','PELLEJERO','PABLO SALVADOR','173','2');
INSERT INTO HUESPED VALUES ('340029','ZAMORANO','ANTI—ANCO','PRISCILA ANDREA','185','5');
INSERT INTO HUESPED VALUES ('340030','AGUILA','ROMAN','CECILIA ESMERALDA','119','1');
INSERT INTO HUESPED VALUES ('340031','ROJAS','ESTRADA','SONIA MARITZA','188','2');
INSERT INTO HUESPED VALUES ('340033','ENCINA','LEPELEY','ERIKA DEL CARMEN','154','5');
INSERT INTO HUESPED VALUES ('340034','ORTIZ','NILSES','ANDREA ALEJANDRA','170','1');
INSERT INTO HUESPED VALUES ('340035','VELASQUEZ','AGUILERA','ALEXIS ALIRO','146','3');
INSERT INTO HUESPED VALUES ('340036','PALOMINOS','CASTILLO','ERIKA JOANNA','135','3');
INSERT INTO HUESPED VALUES ('340037','DONAIRE','AREVALO','MAURICIO A.','114','1');
INSERT INTO HUESPED VALUES ('340038','OLAVE','LARA','GABRIEL ANTONIO','127','3');
INSERT INTO HUESPED VALUES ('340039','PONCE','PRADO','RONALD PAUL','152','2');
INSERT INTO HUESPED VALUES ('340040','PE—A','TEJO','HILDA MARITZA','106','4');
INSERT INTO HUESPED VALUES ('340042','ACOSTA','ACEITUNO','JESSICA OLGA','154','5');
INSERT INTO HUESPED VALUES ('340043','LOBOS','CESPEDES','EDUARDO FAVIO','150','1');
INSERT INTO HUESPED VALUES ('340044','MARTINEZ','RAMIREZD','MIGUEL ALEJANDRO','141','1');
INSERT INTO HUESPED VALUES ('340045','ARAGON','THJOERNELUND','EDITH','101','2');
INSERT INTO HUESPED VALUES ('340046','BOBADILLA','CABRERA','NANCY AMANDA','116','5');
INSERT INTO HUESPED VALUES ('340047','FERNANDEZ','CASTILLO','PAOLA ANDREA','163','1');
INSERT INTO HUESPED VALUES ('340048','ARELLANO','GODOY','PATRICIO ENRIQUE','164','2');
INSERT INTO HUESPED VALUES ('340049','RAMOS','CERDA','NAYARETTE DEL CARMEN','184','4');
INSERT INTO HUESPED VALUES ('340050','ORTEGA','GAJARDO','ROSA ELIANA','135','2');
INSERT INTO HUESPED VALUES ('340051','FLORES','CARI—A','MONICA PATRICIA','156','2');
INSERT INTO HUESPED VALUES ('340052','CONTRERAS','ROMERO','ANA KARINA','177','5');
INSERT INTO HUESPED VALUES ('340053','CORTES','ALBORNOZ','ALEJANDRA ANDREA','109','3');
INSERT INTO HUESPED VALUES ('340054','ARAVENA','MORALES','LORENA PAOLA','145','2');
INSERT INTO HUESPED VALUES ('340055','WERNER','JOFRE','FRANCISCA A.','157','5');
INSERT INTO HUESPED VALUES ('340056','TORO','QUILODRAN','LUIS JOSIAS','131','4');
INSERT INTO HUESPED VALUES ('340058','IBARRA','PE—A','EDUARDO ANDRES','155','1');
INSERT INTO HUESPED VALUES ('340059','OSORIO','SILVA','MARIA SOLEDAD','137','5');
INSERT INTO HUESPED VALUES ('340060','MORENO','GUERRERO','JUAN JOSE','178','2');
INSERT INTO HUESPED VALUES ('340061','GARCIA','VILLAGRA','MARIA SOLEDAD','185','5');
INSERT INTO HUESPED VALUES ('340062','FUENTES','CALDERON','MARGARITA DEL CARMEN','168','2');
INSERT INTO HUESPED VALUES ('340063','FRIGERIO','SOTO','MARISOL DEL CARMEN','117','4');
INSERT INTO HUESPED VALUES ('340064','CABRERA','SOLAR','CARLOS RODRIGO','186','3');
INSERT INTO HUESPED VALUES ('340065','MIRANDA','VALLADARES','OSVALDO MAURICIO','185','4');
INSERT INTO HUESPED VALUES ('340067','MESSINA','ORTIZ','WILFREDO FRANCISCO','101','1');
INSERT INTO HUESPED VALUES ('340068','SANDOVAL','FAUNDEZ','XIMENA DEL CARMEN','166','2');
INSERT INTO HUESPED VALUES ('340069','NAVARRETE','URBINA','SERGIO CUPERTINO','119','1');
INSERT INTO HUESPED VALUES ('340070','ANRIQUE','COFRE','PABLO','186','2');
INSERT INTO HUESPED VALUES ('340071','CARRE—O','MARQUEZ','CAROL VERONICA','121','1');
INSERT INTO HUESPED VALUES ('340072','CASTILLO','VALENZUELA','PATRICIO OSVALDO','191','5');
INSERT INTO HUESPED VALUES ('340073','MEDINA','MEDINA','WALDO FRANCISCO','124','1');
INSERT INTO HUESPED VALUES ('340074','MEJIAS','CONTRERAS','LLEYSON MAURICIO','181','4');
INSERT INTO HUESPED VALUES ('340075','CONTRERAS','DIAZ','ARIEL ANDRES','169','2');
INSERT INTO HUESPED VALUES ('340076','ROMERO','SANDOVAL','CATALINA ANDREA','120','5');
INSERT INTO HUESPED VALUES ('340077','MANZANO','POBLETE','CAROLINA DEL ROSARIO','190','5');
INSERT INTO HUESPED VALUES ('340078','HRZIC','QUINTEROS','JOSE FRANCISCO','186','2');
INSERT INTO HUESPED VALUES ('340079','CONTRERAS','SALDÌAS','MAX LUIS','157','5');
INSERT INTO HUESPED VALUES ('340080','GONZALEZ','GONZALEZ','CYNTHIA LEONARDA','130','4');
INSERT INTO HUESPED VALUES ('340081','VEGA','GUERRERO','CAROL ANDREA','133','4');
INSERT INTO HUESPED VALUES ('340082','ARAVENA','JIMENEZ','ROSA MARIELA','185','5');
INSERT INTO HUESPED VALUES ('340083','MU—OZ','HUENCHUN','NELSON FABIAN','110','3');
INSERT INTO HUESPED VALUES ('340084','ZU—IGA','MELLADO','JORGE LUIS','108','2');
INSERT INTO HUESPED VALUES ('340085','ROJAS','SILVA','CRISTIAN MANUEL','104','3');
INSERT INTO HUESPED VALUES ('340086','VALENZUELA','CORNEJO','PAOLA DANAE','115','3');
INSERT INTO HUESPED VALUES ('340087','SANTANA','MORALES','BLANCA ELIANA','173','5');
INSERT INTO HUESPED VALUES ('340088','IBA—EZ','VALDES','MIRIAM ISABEL','136','2');
INSERT INTO HUESPED VALUES ('340089','REYES','RIVAS','REBECA DEL ROSARIO','166','4');
INSERT INTO HUESPED VALUES ('340090','MUÒOZ','SEPULVEDA','LILIANA','109','3');
INSERT INTO HUESPED VALUES ('340091','SEPULVEDA','GALLARDO','SOFIA JACQUELINE','143','3');
INSERT INTO HUESPED VALUES ('340092','MASS','RIOS','MARIA VERONICA','186','2');
INSERT INTO HUESPED VALUES ('340093','GUERRERO','GROSS','JUAN ADOLFO','157','3');
INSERT INTO HUESPED VALUES ('340094','CARRILLO','MELLADO','SANDRA M.','173','2');
INSERT INTO HUESPED VALUES ('340095','LEIVA','ITURRIETA','PAOLA PATRICIA','124','2');
INSERT INTO HUESPED VALUES ('340096','GONZALEZ','BARRA','CAROLINA P.','152','2');
INSERT INTO HUESPED VALUES ('340097','PICHINAO','AGUIRRE','VANESSA JULIA','164','3');
INSERT INTO HUESPED VALUES ('340098','TAPIA','CABELLO','ANDRES GUILLERMO','143','4');
INSERT INTO HUESPED VALUES ('340099','LEON','CASTRO','MARGARITA BEATRIZ','121','2');
INSERT INTO HUESPED VALUES ('340100','CANDIA','PINO','CATALINA DEL PILAR','103','3');
INSERT INTO HUESPED VALUES ('340101','SAEZ','UNDURRAGA','ALFONSO SEGUNDO','152','5');
INSERT INTO HUESPED VALUES ('340102','RUBIO','VINAGRE','CARLOS FERNANDO','128','2');
INSERT INTO HUESPED VALUES ('340103','CAPOLONGO','RAMIREZ','CARLA E','191','1');
INSERT INTO HUESPED VALUES ('340104','ROMO','ACU—A','ROSA FERNANDA','161','4');
INSERT INTO HUESPED VALUES ('340105','LIZANA','GONZALEZ','CARLO ALBERTO','173','2');
INSERT INTO HUESPED VALUES ('340106','PARRA','CARDENAS','VIVIANA INES','165','4');
INSERT INTO HUESPED VALUES ('340107','ALARCON','NILSES','MARIO ALFONSO','175','5');
INSERT INTO HUESPED VALUES ('340108','MELLA','VALDES','YESSICA ALEJANDRA','185','1');
INSERT INTO HUESPED VALUES ('340109','ABARZUA','RIOS','INGRID ANA','172','5');
INSERT INTO HUESPED VALUES ('340110','ARANCIBIA','GONZALEZ','LILIAN','149','1');
INSERT INTO HUESPED VALUES ('340111','DONOSO','HUICHAMAN','ROSA MARGARITA','137','5');
INSERT INTO HUESPED VALUES ('340112','ESPINOZA','TORRES','RUBEN EDUARDO','162','3');
INSERT INTO HUESPED VALUES ('340113','ROSAS','QUILLON','BEATRIZ DEL CARMEN','186','4');
INSERT INTO HUESPED VALUES ('340114','ALVEAR','BRAVO','MARISOL DEL CARMEN','153','1');
INSERT INTO HUESPED VALUES ('340115','MORALES','CONEJERA','MARIA ELIANA','107','5');
INSERT INTO HUESPED VALUES ('340117','MALDONADO','YA—EZ','DOMINGO A.','102','3');
INSERT INTO HUESPED VALUES ('340119','FARIAS','CARVALLO','MARTA ESTER','187','5');
INSERT INTO HUESPED VALUES ('340120','VALDES','TORRES','SIXTO L.','118','2');
INSERT INTO HUESPED VALUES ('340121','BUSTOS','QUIROGA','GUILLERMO LUIS','110','3');
INSERT INTO HUESPED VALUES ('340122','FLORES','FORNES','ELIZABETH JOHANNA','107','1');
INSERT INTO HUESPED VALUES ('340123','RIOS','LAGOS','CLAUDIA ANDREA','127','4');
INSERT INTO HUESPED VALUES ('340124','FARIAS','NU—EZ','ALFREDO ALEJANDRO','193','3');
INSERT INTO HUESPED VALUES ('340125','ROJAS','PEREZ','JUAN EDUARDO','140','5');
INSERT INTO HUESPED VALUES ('340126','DIAZ','CASTRO','PABLO ANDRES','161','4');
INSERT INTO HUESPED VALUES ('340128','ESPINOZA','GALLARDO','CLARA ELENA','143','3');
INSERT INTO HUESPED VALUES ('340129','CUEVAS','NARVAEZ','PATRICIO ALBERTO','128','3');
INSERT INTO HUESPED VALUES ('340130','PELLEGRINI','SEPULVEDA','LORENA ALEJANDRA','129','3');
INSERT INTO HUESPED VALUES ('340131','AGURTO','LARA','MARIO PATRICIO','114','1');
INSERT INTO HUESPED VALUES ('340132','MU—OZ','PEDREROS','PRISCILA ANDREA','119','5');
INSERT INTO HUESPED VALUES ('340133','SOTO','CALDERON','WILSON PATRICIO','110','4');
INSERT INTO HUESPED VALUES ('340134','LAGUNA','ROJAS','MACARENA LIBERTAD','115','3');
INSERT INTO HUESPED VALUES ('340135','RIVERA','OYARZUN','INGRID','188','2');
INSERT INTO HUESPED VALUES ('340136','TORRES','SILVA','ROSA ESTER','176','4');
INSERT INTO HUESPED VALUES ('340137','ALMONACID','TAPIA','JUAN CARLOS','154','4');
INSERT INTO HUESPED VALUES ('340138','COLLARTE','PEREZ','JORGE PATRICIO','120','4');
INSERT INTO HUESPED VALUES ('340139','HERRERA','CARDENAS','INGRID CAROLINA','164','4');
INSERT INTO HUESPED VALUES ('340141','FLORES','CATALAN','GERMAN','195','1');
INSERT INTO HUESPED VALUES ('340142','ARRUE','DIAZ','LUIS RICARDO','169','3');
INSERT INTO HUESPED VALUES ('340143','CARRASCO','SANDOVAL','MARCIA ALEJANDRA','156','2');
INSERT INTO HUESPED VALUES ('340144','PAVEZ','RUIZ','EVA COROLINA','135','2');
INSERT INTO HUESPED VALUES ('340145','ANGLES','MONTERO','ANGELICA PAOLA','156','4');
INSERT INTO HUESPED VALUES ('340146','PADURO','KINAST','ALFREDO BELARMINO','151','5');
INSERT INTO HUESPED VALUES ('340147','FUENTES','VARGAS','RAMON OBDULIO','169','4');
INSERT INTO HUESPED VALUES ('340148','FERNANDEZ','DIAZ','ISABEL C.','184','3');
INSERT INTO HUESPED VALUES ('340149','SANCHEZ','ORTIZ','JORGE ARMANDO','173','5');
INSERT INTO HUESPED VALUES ('340150','BARRA','CONTADOR','MARISOL POLLYANNA','120','2');
INSERT INTO HUESPED VALUES ('340151','CID','VALENZUELA','FERNANDO ALEJANDRO','144','4');
INSERT INTO HUESPED VALUES ('340152','POVEA','MORA','PAMELA M.','154','1');
INSERT INTO HUESPED VALUES ('340153','IBARRA','ARAYA','MARIA','167','1');
INSERT INTO HUESPED VALUES ('340154','TAPIA','SANTIS','XIMENA F.','176','5');
INSERT INTO HUESPED VALUES ('340155','MORAGA','DINAMARCA','CLAUDIO ANDRES','180','4');
INSERT INTO HUESPED VALUES ('340156','BAEZA','GAETE','RODRIGO ALBERTO','173','2');
INSERT INTO HUESPED VALUES ('340157','SOLAS','AVILA','LUIS ROBERTO','132','1');
INSERT INTO HUESPED VALUES ('340158','JEREZ','AVILA','MARCELA','174','3');
INSERT INTO HUESPED VALUES ('340159','FERNANDEZ','CASTILLO','MARIA VERONICA','178','1');
INSERT INTO HUESPED VALUES ('340160','GUTIERREZ','MUNDACA','CLAUDIA ANA','117','5');
INSERT INTO HUESPED VALUES ('340161','SILVA','LEON','JULIO ORLANDO','134','5');
INSERT INTO HUESPED VALUES ('340162','NARANJO','CORNEJO','MIGUEL ALEJANDRO','166','4');
INSERT INTO HUESPED VALUES ('340163','CRUZ','SANDOVAL','ELEUTERIO MANUEL','101','5');
INSERT INTO HUESPED VALUES ('340164','MANZANO','TAPIA','ROXANA','130','2');
INSERT INTO HUESPED VALUES ('340165','TAPIA','TORDECILLA','JAIME ANTONIO','120','3');
INSERT INTO HUESPED VALUES ('340166','RIVERA','BRAVO','RICARDO RODRIGO','168','5');
INSERT INTO HUESPED VALUES ('340167','CARRASCO','CARMONA','SEGUNDO FLORENTINO','183','5');
INSERT INTO HUESPED VALUES ('340168','HERNANDEZ','SEPULVEDA','ANGELA DEL PILAR','172','5');
INSERT INTO HUESPED VALUES ('340169','MORALES','ROJAS','PATRICIO EMILIO','102','4');
INSERT INTO HUESPED VALUES ('340170','LEON','SILVA','JOSE ISAIAS','194','5');
INSERT INTO HUESPED VALUES ('340171','BAHAMONDES','ECHEVERRIA','MARCELA','189','4');
INSERT INTO HUESPED VALUES ('340172','ROJAS','MALUENDA','ALEXANDRA DEL PILAR','112','4');
INSERT INTO HUESPED VALUES ('340173','ARIAS','JIMENEZ','SANDRA MARGARITA','173','1');
INSERT INTO HUESPED VALUES ('340174','REYES','SAN MARTIN','CRISTIAN EDUARDO','167','1');
INSERT INTO HUESPED VALUES ('340175','GAJARDO','TAMAYO','LUIS ALEJANDRO','155','2');
INSERT INTO HUESPED VALUES ('340177','VILLALOBOS','VALENZUELA','RAMON OSVALDO','115','5');
INSERT INTO HUESPED VALUES ('340179','TOBAR','NU—EZ','JORGE MAURICIO','108','5');
INSERT INTO HUESPED VALUES ('340180','TORRICO','GONZALEZ','CARLOS ENRIQUE','164','1');
INSERT INTO HUESPED VALUES ('340181','GONZALEZ','FUENTES','PATRICIO MANUEL','161','5');
INSERT INTO HUESPED VALUES ('340182','DIAZ','CARDENAS','MAGDALENA DEL C.','163','2');
INSERT INTO HUESPED VALUES ('340183','MAS','SANDOVAL','CLAUDIA ANDREA','160','2');
INSERT INTO HUESPED VALUES ('340184','BRIONES','LABARRERA','ERIKA MACARENA','140','2');
INSERT INTO HUESPED VALUES ('340185','ROJAS','RODRIGUEZ','INGRID ELIZABETH','117','2');
INSERT INTO HUESPED VALUES ('340186','CABRERA','DUPUIS','ANDREA ISABEL','155','5');
INSERT INTO HUESPED VALUES ('340187','RAMIREZ','DIAZ','ESTER DEL CARMEN','129','5');
INSERT INTO HUESPED VALUES ('340188','PARGA','CAMPOS','ENZO RODRIGO','141','1');
INSERT INTO HUESPED VALUES ('340189','PIZARRO','BRAVO','MANUEL','112','4');
INSERT INTO HUESPED VALUES ('340190','INOSTROZA','ALARCON','CHANTAL ALICIA','151','2');
INSERT INTO HUESPED VALUES ('340191','BUSTAMANTE','ALVARADO','JURI CLAY','151','1');
INSERT INTO HUESPED VALUES ('340192','ALCAINO','CURIQUEN','PEDRO RODRIGO','156','3');
INSERT INTO HUESPED VALUES ('340193','CASTILLO','CABEZAS','CLAUDIA ANDREA','104','1');
INSERT INTO HUESPED VALUES ('340194','VILLANUEVA','BERRIOS','LEONORA DEL CARMEN','113','4');
INSERT INTO HUESPED VALUES ('340195','SANHUEZA','PONCE','ALEJANDRO SEGUNDO','166','3');
INSERT INTO HUESPED VALUES ('340196','COLLAO','VALENZUELA','SEBASTIAN BAUTISTA','140','5');
INSERT INTO HUESPED VALUES ('340197','DIAZ','DIAZ','SANDRA','155','2');
INSERT INTO HUESPED VALUES ('340198','CORONA','TOBAR','LILIAN DEL CARMEN','150','2');
INSERT INTO HUESPED VALUES ('340199','GONZALEZ','MEDINA','CHRISTIAN ENRIQUE','135','5');
INSERT INTO HUESPED VALUES ('340200','PEREZ','GOMEZ','LUIS A.','152','4');
INSERT INTO HUESPED VALUES ('340201','LLANCAQUEO','GUZMAN','WILLIAMS ESTEBAN','147','2');
INSERT INTO HUESPED VALUES ('340202','ORDENES','BUSTAMANTE','SALOMON EUGENIO','175','5');
INSERT INTO HUESPED VALUES ('340203','SALGADO','AGUILA','MARCELA ANDREA','135','2');
INSERT INTO HUESPED VALUES ('340204','VILLETA','HERNANDEZ','ALEJANDRO ENRIQUE','192','2');
INSERT INTO HUESPED VALUES ('340205','AGUILERA','MI—O','GLORIA PAULINA','125','2');
INSERT INTO HUESPED VALUES ('340206','GUTIERREZ','BRAVO','INGRID ELIZABETH','157','1');
INSERT INTO HUESPED VALUES ('340207','CONTRERAS','VIDAL','MARIELA DEL PILAR','135','3');
INSERT INTO HUESPED VALUES ('340208','FOUILLOUX','ESPINOZA','MAURICIO','132','3');
INSERT INTO HUESPED VALUES ('340209','ARIAS','LATORRE','OSCAR ARMANDO','103','2');
INSERT INTO HUESPED VALUES ('340210','MONSALVE','BUSTOS','GONZALO ANDRES','120','4');
INSERT INTO HUESPED VALUES ('340211','CORNEJO','SAN MARTIN','YAMILA DEL CARMEN','106','3');
INSERT INTO HUESPED VALUES ('340212','JOFRE','DIAZ','SUSAN IVONNE','112','3');
INSERT INTO HUESPED VALUES ('340213','ARME—O','GAETE','CARMEN GLORIA','120','1');
INSERT INTO HUESPED VALUES ('340214','ARAUNA','REYES','DANIEL ROBINSON','115','3');
INSERT INTO HUESPED VALUES ('340215','FLORES','LEON','ELIZABETH MAGDALENA','194','3');
INSERT INTO HUESPED VALUES ('340216','IBACACHE','VILLENA','CECILIA DEL CARMEN','180','5');
INSERT INTO HUESPED VALUES ('340217','SANCHEZ','ESCALONA','LUZ MARCELA','119','5');
INSERT INTO HUESPED VALUES ('340218','AZOLAS','REYES','CLAUDIA MARIA','181','4');
INSERT INTO HUESPED VALUES ('340219','CARDENAS','FUENTES','ANA E.DEL C.','190','4');
INSERT INTO HUESPED VALUES ('340220','FIGUEROA','YA—EZ','DAGOBERTO','160','1');
INSERT INTO HUESPED VALUES ('340221','COLOMA','PADILLA','MARIA CAROLINA','124','4');
INSERT INTO HUESPED VALUES ('340222','ESCOBAR','ROBIN','ANGELICA ALEJANDRA','145','2');
INSERT INTO HUESPED VALUES ('340223','REYES','BARRIOS','LORENA PILAR','120','3');
INSERT INTO HUESPED VALUES ('340224','NU—EZ','WONG','MARIA INES','144','5');
INSERT INTO HUESPED VALUES ('340225','PE—A','SAEZ','ELENA MERCEDES','136','1');
INSERT INTO HUESPED VALUES ('340227','GONZALEZ','SILVA','CHRISTIAN MARCELO','121','2');
INSERT INTO HUESPED VALUES ('340228','ELGUETA','CORDERO','ENRIQUE ALFONSO','121','1');
INSERT INTO HUESPED VALUES ('340229','MARTINEZ','ALLENDE','JACQUELINE PILAR','114','1');
INSERT INTO HUESPED VALUES ('340231','ORMAZABAL','VASQUEZ','LISSETTE MARIBEL','159','3');
INSERT INTO HUESPED VALUES ('340232','GFONZALEZ','CABALLERO','ALVARO JULIO','138','4');
INSERT INTO HUESPED VALUES ('340233','GONZALEZ','BOBADILLA','BLANCA MARIA','130','4');
INSERT INTO HUESPED VALUES ('340234','MAGA—A','ARRIAGADA','GEMITA PAZ','146','3');
INSERT INTO HUESPED VALUES ('340235','VARAS','VERGARA','MIRTA DEL CARMEN','180','3');
INSERT INTO HUESPED VALUES ('340236','BRAVO','AZOCAR','ANA TERESA','133','4');
INSERT INTO HUESPED VALUES ('340237','SILVA','ROJAS','ADOLFO EDUARDO','147','2');
INSERT INTO HUESPED VALUES ('340238','BELMAR','ALFARO','MARIA VANESA','190','4');
INSERT INTO HUESPED VALUES ('340239','FUENTES','PINTO','MANUEL CARLOS','131','5');
INSERT INTO HUESPED VALUES ('340240','LOYOLA','CORTES','PABLO ANDRES','129','2');
INSERT INTO HUESPED VALUES ('340241','VALLE','MU—OZ','MIGUEL ANGEL','145','3');
INSERT INTO HUESPED VALUES ('340242','VERGARA','AGUILAR','MARIETKA MILIXZA','132','5');
INSERT INTO HUESPED VALUES ('340243','DIAZ','WERNER','MARITZA ALEJANDRA','141','5');
INSERT INTO HUESPED VALUES ('340244','MOLINA','FUENTES','SUSAN ALEJANDRA','111','5');
INSERT INTO HUESPED VALUES ('340245','ARBURO','NOVOA','GLORIA PATRICIA','124','3');
INSERT INTO HUESPED VALUES ('340246','URRUTIA','URBINA','JOHANNA MARCELA','128','1');
INSERT INTO HUESPED VALUES ('340248','CASANOVA','BOBADILLA','MARCELA','169','1');
INSERT INTO HUESPED VALUES ('340249','DONOSO','TAMBURRINI','EVA MAGBEL','147','3');
INSERT INTO HUESPED VALUES ('340250','CASANOVA','JARA','RODRIGO ANDRES','176','5');
INSERT INTO HUESPED VALUES ('340251','ESPINOZA','ALIAGA','JIMENA CAROLINA','195','1');
INSERT INTO HUESPED VALUES ('340252','CARRASCO','TAPIA','LUIS SEGUNDO','181','4');
INSERT INTO HUESPED VALUES ('340253','MEDEL','JARA','IVAN FERNANDO','173','3');
INSERT INTO HUESPED VALUES ('340255','HUILLIN','ALARCON','ERIKA MONSERRATT','168','3');
INSERT INTO HUESPED VALUES ('340256','DIAZ','RODRIGUEZ','JACQUELINE BEATRIZ','153','2');
INSERT INTO HUESPED VALUES ('340258','SANVEGEOT','CATALDO','JOSE VICTOR','124','1');
INSERT INTO HUESPED VALUES ('340259','REVECO','PASTEN','ROSA AMELIA','181','3');
INSERT INTO HUESPED VALUES ('340260','CEA','CESPEDES','PAOLA MARGARITA','129','1');
INSERT INTO HUESPED VALUES ('340261','BARRA','PAVEZ','MARIA GABRIELA','127','3');
INSERT INTO HUESPED VALUES ('340262','CUETO','RIVERA','INGRID DEL CARMEN','170','3');
INSERT INTO HUESPED VALUES ('340263','SEPULVEDA','GRACIA','CRISTIAN ADRIAN','122','1');
INSERT INTO HUESPED VALUES ('340264','ORELLANA','MENDEZ','PATRICIA ANDREA','101','2');
INSERT INTO HUESPED VALUES ('340265','TORRES','CANTO','CARLA DANIELA','176','4');
INSERT INTO HUESPED VALUES ('340266','QUIROZ','MALDONADO','CARLOS ALBERTO','184','4');
INSERT INTO HUESPED VALUES ('340267','PEREDO','ALTAMIRANO','EUGENIA B.','152','1');
INSERT INTO HUESPED VALUES ('340268','LEIVA','VILLALOBOS','CLAUDIO ANTONIO','106','1');
INSERT INTO HUESPED VALUES ('340269','QUINTANILLA','GONZALEZ','PAULA ALEJANDRA','173','1');
INSERT INTO HUESPED VALUES ('340270','REYES','SALINAS','JUAN CARLOS','122','3');
INSERT INTO HUESPED VALUES ('340271','—U—EZ','RAMIREZ','ALVARO DANIEL','171','1');
INSERT INTO HUESPED VALUES ('340273','GALLEGUILLOS','CANIUPAN','JACQUELINE','163','4');
INSERT INTO HUESPED VALUES ('340274','SANDOVAL','PEREIRA','MARCELO MAXIMO','188','4');
INSERT INTO HUESPED VALUES ('340275','CARRASCO','MI—O','CARLOS IGNACIO','104','2');
INSERT INTO HUESPED VALUES ('340276','PALTA','UBILLA','MIGUEL ANGEL','134','1');
INSERT INTO HUESPED VALUES ('340277','MALDONADO','CONTRERAS','CLAUDIA LILIANA','177','1');
INSERT INTO HUESPED VALUES ('340278','SAAVEDRA','BELMAR','DUHAMEL A.','120','4');
INSERT INTO HUESPED VALUES ('340279','DIAZ','ARAVENA','VERONICA J.','129','4');
INSERT INTO HUESPED VALUES ('340280','ORREGO','ORTEGA','GLORIA ANTONIETA','133','4');
INSERT INTO HUESPED VALUES ('340281','AYALA','NAVARRETE','MONICA VIVIANA','180','3');
INSERT INTO HUESPED VALUES ('340282','ARANCIBIA','REYES','RODRIGO ALEJANDRO','103','5');
INSERT INTO HUESPED VALUES ('340283','ATENAS','OLIVARES','ENZO FERNANDO','122','1');
INSERT INTO HUESPED VALUES ('340284','POBLETE','ACEVEDO','MAURICIO JULIO','160','4');
INSERT INTO HUESPED VALUES ('340285','SEPULVEDA','INFANTE','XIMENA DEL CARMEN','138','2');
INSERT INTO HUESPED VALUES ('340286','QUEZADA','PAVEZ','CHRISTIAN ANDRES','111','2');
INSERT INTO HUESPED VALUES ('340287','PE—AILILLO','ROCHA','KARINA IVETTE','125','1');
INSERT INTO HUESPED VALUES ('340288','QUIJADA','MATUS','HANDY MARGARITA','187','5');
INSERT INTO HUESPED VALUES ('340290','VILLARREAL','VALENCIA','MARIA CAROLINA','143','2');
INSERT INTO HUESPED VALUES ('340291','IBACACHE','CORTES','MONICA LETICIA','133','1');
INSERT INTO HUESPED VALUES ('340292','ARELLANO','ALARCON','CESAR ANDRE','116','1');
INSERT INTO HUESPED VALUES ('340293','CASTRO','PASTEN','JESSICA DEL CARMEN','160','3');
INSERT INTO HUESPED VALUES ('340294','VARELA','SOTO','IVAN FERNANDO','176','1');
INSERT INTO HUESPED VALUES ('340295','RIQUELME','CABELLO','CECILIA LORETO','181','5');
INSERT INTO HUESPED VALUES ('340296','ARCE','GOMEZ','JASMIN DEL CARMEN','124','1');
INSERT INTO HUESPED VALUES ('340297','VASQUEZ','MEZA','ALEJANDRO ANTONIO','124','1');
INSERT INTO HUESPED VALUES ('340298','VILLEGAS','SANDOVAL','CARLOS MAURICIO','195','3');
INSERT INTO HUESPED VALUES ('340299','SEPULVEDA','GAJARDO','YANIRA ALEJANDRA','139','3');
INSERT INTO HUESPED VALUES ('340300','CRUZ','VEGA','ALBERTO EDUARDO','165','3');
INSERT INTO HUESPED VALUES ('340301','CISTERNAS','ALARCON','PAOLA ANDREA','156','5');
INSERT INTO HUESPED VALUES ('340302','QUEZADA','BIANCHI','ALEJANDRO','121','3');
INSERT INTO HUESPED VALUES ('340303','DE LA FUENTE','MORALES','ANA','154','1');
INSERT INTO HUESPED VALUES ('340304','CA—ETE','VARGAS','CECILIA DE LAS MERCEDES','166','3');
INSERT INTO HUESPED VALUES ('340305','PARRA','RIVERA','DIEGO ANTONIO','195','2');
INSERT INTO HUESPED VALUES ('340306','ZU—IGA','DARLIC','ALEJANDRA DEL CARMEN','103','4');
INSERT INTO HUESPED VALUES ('340307','OYARZUN','NAWRATH','CARMEN GLORIA','181','2');
INSERT INTO HUESPED VALUES ('340308','ZU—IGA','MARTINEZ','PAMELA LORETO','149','4');
INSERT INTO HUESPED VALUES ('340309','VERGARA','SEPULVEDA','JACQUELINE','157','5');
INSERT INTO HUESPED VALUES ('340310','MIRANDA','CUEVAS','FREDDY ANDRES','146','2');
INSERT INTO HUESPED VALUES ('340311','PEREZ','OPAZO','JOSE ANTONIO','187','5');
INSERT INTO HUESPED VALUES ('340313','VALENZUELA','PINILLA','EMELINDA CENOVIA','137','1');
INSERT INTO HUESPED VALUES ('340314','TORRES','SANTIS','FRANCISCO ANTONIO','120','1');
INSERT INTO HUESPED VALUES ('340315','NU—EZ','AVENDA—O','CAROLINA','134','1');
INSERT INTO HUESPED VALUES ('340316','ORTIZ','FARIAS','MARCELA EVANGELINA','140','3');
INSERT INTO HUESPED VALUES ('340317','GUTIERREZ','RIVERA','ISABEL DE LAS MERCEDES','136','3');
INSERT INTO HUESPED VALUES ('340319','BENAVIDES','VALENCIA','CAROLINA DEL CARMEN','162','5');
INSERT INTO HUESPED VALUES ('340320','MORALES','QUEZADA','CAROLINA ANDREA','140','4');
INSERT INTO HUESPED VALUES ('340321','JORQUERA','GARCIA','SANDRA DE LOURDES','190','2');
INSERT INTO HUESPED VALUES ('340322','SALAZAR','OCARES','MIGUEL ANGEL','142','4');
INSERT INTO HUESPED VALUES ('340323','ABARCA','BASCU—AN','XIMENA LORETO','165','3');
INSERT INTO HUESPED VALUES ('340324','CLAVERO','BELMAR','CAROLINA DEL ROSARIO','171','5');
INSERT INTO HUESPED VALUES ('340325','MORALES','MU—OZ','MARLENE MARGARITA','104','5');
INSERT INTO HUESPED VALUES ('340326','HIDALGO','VILLAGRA','EDUARDO ERNESTO','166','3');
INSERT INTO HUESPED VALUES ('340327','ARAYA','SALDÌAS','JEANNETTE IVONNE','112','3');
INSERT INTO HUESPED VALUES ('340328','HIDALGO','FUENTES','BERNARDO','112','2');
INSERT INTO HUESPED VALUES ('340329','GODOY','RIQUELME','JORGE ALBERTO','144','4');
INSERT INTO HUESPED VALUES ('340330','AZOLAS','PEREZ','LERKO ALVARO','108','4');
INSERT INTO HUESPED VALUES ('340331','BRAVO','JONES','VICTORIA ANDREA','179','5');
INSERT INTO HUESPED VALUES ('340332','SANCHEZ','SALAZAR','LETICIA XIMENA','102','2');
INSERT INTO HUESPED VALUES ('340333','ESPINOZA','AGUILERA','PAOLA ELIZABETH','150','5');
INSERT INTO HUESPED VALUES ('340334','SALGADO','ESPINOZA','CARLOS LEONARDO','117','4');
INSERT INTO HUESPED VALUES ('340335','GAETE','MOYA','JORGE RICARDO','181','1');
INSERT INTO HUESPED VALUES ('340336','RAGUILEO','CARO','EUGENIO HERNAN','168','2');
INSERT INTO HUESPED VALUES ('340337','MORALES','MANCILLA','CLAUDIO ERICK','130','2');
INSERT INTO HUESPED VALUES ('340338','GONZALEZ','MONTENEGRO','PILAR POMPEYA','190','4');
INSERT INTO HUESPED VALUES ('340339','MENDOZA','HUICHAQUELEN','MARIA BEATRIZ','105','4');
INSERT INTO HUESPED VALUES ('340341','LOPEHANDIA','ROJAS','MISLE SAKIE','161','5');
INSERT INTO HUESPED VALUES ('340343','NAVARRO','LLANQUILEO','MARIA ELIANA','191','2');
INSERT INTO HUESPED VALUES ('340344','AYALA','CARMONA','PAULA ANDREA','133','2');
INSERT INTO HUESPED VALUES ('340346','BURETT','POBLETE','HERNAN ANDRES','155','1');
INSERT INTO HUESPED VALUES ('340347','ROJAS','HERRERA','PATRICIA SOLEDAD','134','4');
INSERT INTO HUESPED VALUES ('340348','SERRANO','CASTILLO','JULIO HERNAN','104','5');
INSERT INTO HUESPED VALUES ('340349','PALOMINOS','PONCE','GINA DEL CARMEN','126','5');
INSERT INTO HUESPED VALUES ('340350','MU—OZ','QUEVEDO','DAVID MARCOS','156','1');
INSERT INTO HUESPED VALUES ('340351','SALINAS','VIGNES','CAROL JEANNETTE','105','3');
INSERT INTO HUESPED VALUES ('340352','POBLETE','MU—OZ','RAUL MARCELO','190','5');
INSERT INTO HUESPED VALUES ('340353','NAVARRO','ROCO','LUIS MIGUEL','153','1');
INSERT INTO HUESPED VALUES ('340354','MENDEZ','FUENTES','MILEN IVONNE','129','4');
INSERT INTO HUESPED VALUES ('340356','LARA','MOYA','GEOVANNA DEL CARMEN','159','4');
INSERT INTO HUESPED VALUES ('340357','GUZMAN','LEIVA','MARCELO ANTONIO','146','5');
INSERT INTO HUESPED VALUES ('340358','QUINTEROS','ITURRA','SONIA  GIOCONDA','131','1');
INSERT INTO HUESPED VALUES ('340359','IBARRA','CABEZAS','JIEFANG HO','181','3');
INSERT INTO HUESPED VALUES ('340360','SANCHEZ','RAMIREZ','BERNARDA ANDREA','109','1');
INSERT INTO HUESPED VALUES ('340361','DUARTE','HERRERA','LISSETTE ARGENTINA','195','2');
INSERT INTO HUESPED VALUES ('340363','MEZA','RIVEROS','FRANCISCO JAVIER','186','4');
INSERT INTO HUESPED VALUES ('340364','PAZ','OYANADEL','MIGUEL ANGEL','135','4');
INSERT INTO HUESPED VALUES ('340365','VALDES','HENRIQUEZ','CLAUDIO ANDRES','179','5');
INSERT INTO HUESPED VALUES ('340367','ARANGUIZ','CID','KARIN ANDREA','136','1');
INSERT INTO HUESPED VALUES ('340368','BRICE—O','TUDELA','CYNTTIA CAROLINA','170','3');
INSERT INTO HUESPED VALUES ('340369','ARZOLA','DIAZ','ARTURO EDUARDO','156','4');
INSERT INTO HUESPED VALUES ('340370','OYARZUN','MATUS','VERONICA DEL CARMEN','130','3');
INSERT INTO HUESPED VALUES ('340371','HERRERA','RAIMAN','PAMELA B.','139','5');
INSERT INTO HUESPED VALUES ('340372','GOMEZ','MENESES','JOSE MIGUEL','115','4');
INSERT INTO HUESPED VALUES ('340373','HENRIQUEZ','MORALES','BERNARDITA ANDREA','108','5');
INSERT INTO HUESPED VALUES ('340374','CONTRERAS','SILVA','WILLIAMS HERNAN','133','2');
INSERT INTO HUESPED VALUES ('340375','PE—ALOZA','CLAVIJO','RODRIGO','132','3');
INSERT INTO HUESPED VALUES ('340376','NICOLETTI','RUIZ','LUIS ALBERTO','165','2');
INSERT INTO HUESPED VALUES ('340377','FERNANDEZ','VALENZUELA','MARCOS F.','147','2');
INSERT INTO HUESPED VALUES ('340378','CHANDIA','ALDERETE','RODRIGO ORLANDO','131','1');
INSERT INTO HUESPED VALUES ('340379','NAVARRETE','SAEZ','CLAUDIA ANDREA','183','5');
INSERT INTO HUESPED VALUES ('340380','RAMIREZ','ZU—IGA','JEANNETTE','149','2');
INSERT INTO HUESPED VALUES ('340381','HURTADO','LOPEZ','CRISTIAN PAUL','120','2');
INSERT INTO HUESPED VALUES ('340382','PAVEZ','LEON','GLORIA M.','168','1');
INSERT INTO HUESPED VALUES ('340383','JIMENEZ','IRIBARRA','SUSANA','123','4');
INSERT INTO HUESPED VALUES ('340384','HURTADO','OYARSUN','JOSE VICTOR','142','2');
INSERT INTO HUESPED VALUES ('340385','RUBIO','BARRAZA','XIMENA MAGALY','154','2');
INSERT INTO HUESPED VALUES ('340386','VILLENA','RETAMAL','ALEXIS ALIRO','136','1');
INSERT INTO HUESPED VALUES ('340387','TORO','ARANCIBIA','LUIS HUMBERTO','143','4');
INSERT INTO HUESPED VALUES ('340388','ARENAS','CANALES','JUAN CARLOS','110','4');
INSERT INTO HUESPED VALUES ('340389','GALLARDO','BARAHONA','CLAUDIO JAVIER','140','4');
INSERT INTO HUESPED VALUES ('340390','MONSALVE','LOPEZ','ANGELO FABIAN','152','2');
INSERT INTO HUESPED VALUES ('340391','ENCINA','PINO','MARIA TERESA','171','3');
INSERT INTO HUESPED VALUES ('340392','RENCORET','ESPEL','EVELYN ANDREA','187','1');
INSERT INTO HUESPED VALUES ('340393','CACERES','TAPIA','MIGUEL ANGEL','167','4');
INSERT INTO HUESPED VALUES ('340394','ROJAS','CARO','SONIA ELENA','171','1');
INSERT INTO HUESPED VALUES ('340395','ROA','MU—OZ','SOLANGE COLETTE','146','4');
INSERT INTO HUESPED VALUES ('340396','VALENZUELA','RAMIREZ','LUIS EDUARDO','176','2');
INSERT INTO HUESPED VALUES ('340397','URRUTIA','GALDAMES','JOSE EDUARDO','135','5');
INSERT INTO HUESPED VALUES ('340398','NONQUEPAN','MU—OZ','RENATO HERNAN','185','1');
INSERT INTO HUESPED VALUES ('340399','LEVIL','REUQUE','BERNARDITA DEL CARMEN','137','4');
INSERT INTO HUESPED VALUES ('340401','LOPEZ','ESPINDOLA','DINA GABRIELA','164','1');
INSERT INTO HUESPED VALUES ('340402','PALACIOS','ALVAREZ','GUILLERMO MARCELO','114','4');
INSERT INTO HUESPED VALUES ('340403','VIDELA','LOPEZ','LUIS EDUARDO','173','3');
INSERT INTO HUESPED VALUES ('340404','LOPEZ','CARBONELL','ISABEL ADRIANA','166','5');
INSERT INTO HUESPED VALUES ('340405','VALVERDE','VILLAGRAN','CAROLINA CECILIA','142','2');
INSERT INTO HUESPED VALUES ('340406','ARAYA','LOPEZ','DANIEL ARMANDO','177','3');
INSERT INTO HUESPED VALUES ('340407','CASTRO','VICENCIO','CARMEN GLORIA','158','5');
INSERT INTO HUESPED VALUES ('340408','ERICES','CONTRERAS','VIVIANA ROSALIA','147','4');
INSERT INTO HUESPED VALUES ('340409','VARGAS','ARAYA','ENRIQUE ANDRES','142','3');
INSERT INTO HUESPED VALUES ('340410','RIOS','ESCOBAR','MARCELO ALEJANDRO','191','2');
INSERT INTO HUESPED VALUES ('340411','OLIVARES','PAILAMILLA','VERONICA ALEJANDRA','195','1');
INSERT INTO HUESPED VALUES ('340412','DIAZ','BUGUEÒO','PARISIMA JEANETTE','105','3');
INSERT INTO HUESPED VALUES ('340413','MOLINA','SEPULVEDA','CAROLA DEL CARMEN','163','4');
INSERT INTO HUESPED VALUES ('340414','SANTIBA—EZ','ATENAS','JORGE MAURICIO','108','5');
INSERT INTO HUESPED VALUES ('340416','HERRERA','CORTES','JONATHAN ALEXIS','117','2');
INSERT INTO HUESPED VALUES ('340418','RODRIGUEZ','AGUILERA','JAIME GABRIEL','180','5');
INSERT INTO HUESPED VALUES ('340419','GREZ','OSORIO','BERNARDA DE LOS A.','105','2');
INSERT INTO HUESPED VALUES ('340420','CARIHUENTRO','MATURANA','MARCOS ANTONIO','111','1');
INSERT INTO HUESPED VALUES ('340421','BAHAMONDE','MERINO','LILIANA IRENE','150','5');
INSERT INTO HUESPED VALUES ('340422','PONCE','VALDENEGRO','RUDY ERNESTO','124','3');
INSERT INTO HUESPED VALUES ('340423','JOFRE','SOTO','JOSE LUIS','172','4');
INSERT INTO HUESPED VALUES ('340424','SEPULVEDA','PAVEZ','JESSICA DEL C.','147','5');
INSERT INTO HUESPED VALUES ('340425','VILLEGAS','ROMERO','MARIA ISABEL','190','5');
INSERT INTO HUESPED VALUES ('340426','LAGOS','ESCOBAR','CLAUDIA ANDREA','188','3');
INSERT INTO HUESPED VALUES ('340427','HINOJASA','MENDEZ','HANDY MARGARITA','194','4');
INSERT INTO HUESPED VALUES ('340428','SAAVEDRA','CANCINO','FABIOLA ANDREA','125','2');
INSERT INTO HUESPED VALUES ('340429','ORTIZ','POBLETE','JUAN MANUEL','147','4');
INSERT INTO HUESPED VALUES ('340430','KASCUDRA','BRAVO','JEANNETTE ELIANA','117','4');
INSERT INTO HUESPED VALUES ('340431','SOTO','VASQUEZ','LUIS ALBERTO','105','2');
INSERT INTO HUESPED VALUES ('340432','VELOSO','PAVEZ','TERESA DE LOS ANGELES','177','1');
INSERT INTO HUESPED VALUES ('340434','CURIHUINCA','GUTIERREZ','CLAUDIO','155','3');
INSERT INTO HUESPED VALUES ('340435','SANDOVAL','HORMAZABAL','MARIA E.','105','3');
INSERT INTO HUESPED VALUES ('340436','RENCORET','CANEO','JUAN PAULO','146','3');
INSERT INTO HUESPED VALUES ('340439','MONSALVE','LOPEZ','LORENA','170','5');
INSERT INTO HUESPED VALUES ('340440','AQUEVEQUE','GODOY','HENRY MAURICIO','145','5');
INSERT INTO HUESPED VALUES ('340441','IBA—EZ','MARTINEZ','YASNA CAROLINA','158','3');
INSERT INTO HUESPED VALUES ('340442','MORALES','GARRIDO','ROSA MARIA','121','2');
INSERT INTO HUESPED VALUES ('340444','FIGUEROA','ESPINOZA','PAULA ANDREA','176','2');
INSERT INTO HUESPED VALUES ('340445','RIQUELME','PAILLAFIL','JUAN NICOLAS','195','2');
INSERT INTO HUESPED VALUES ('340446','LEON','RAMOS','MARIA EUGENIA','119','5');
INSERT INTO HUESPED VALUES ('340447','CESPEDES','MAUROI','JUANA EMA','156','1');
INSERT INTO HUESPED VALUES ('340448','ORREGO','MARTINEZ','JUAN LEONARDO','122','5');
INSERT INTO HUESPED VALUES ('340449','AGUAYO','MORA','CARMEN GLORIA','117','5');
INSERT INTO HUESPED VALUES ('340450','ABARZUA','REYES','HIGIMIO','176','2');
INSERT INTO HUESPED VALUES ('340451','NOVA','BRAVO','ELIZABETH DEL CARMEN','104','3');
INSERT INTO HUESPED VALUES ('340452','CORNEJO','RECABAL','EVELYN ALEJANDRA','117','2');
INSERT INTO HUESPED VALUES ('340453','YA—EZ','FAUNDEZ','LORENA INGRID','139','2');
INSERT INTO HUESPED VALUES ('340454','CASTRO','ARIAS','MARIA CAUDINA','156','5');
INSERT INTO HUESPED VALUES ('340455','ESPINOZA','PEREZ','LORIANA DEL CARMEN','191','4');
INSERT INTO HUESPED VALUES ('340456','ACU—A','ALVARADO','SOLANGE DE LOURDES','118','3');
INSERT INTO HUESPED VALUES ('340457','ROJAS','VEGA','VERONICA DEL PILAR','119','5');
INSERT INTO HUESPED VALUES ('340458','PEREZ','VALENZUELA','VALESKA CECILIA','150','1');
INSERT INTO HUESPED VALUES ('340459','GAMBOA','ZABALLA','PEDRO','155','2');
INSERT INTO HUESPED VALUES ('340460','VERGARA','GONZALEZ','SANDRA A.','165','5');
INSERT INTO HUESPED VALUES ('340461','PAVEZ','PEREZ','CHRISTIAN ANDRES','131','4');
INSERT INTO HUESPED VALUES ('340462','VIDAL','MOLLO','MAURICIO D.','117','4');
INSERT INTO HUESPED VALUES ('340463','SALINAS','BALCAZAR','MARIA TERESA','147','5');
INSERT INTO HUESPED VALUES ('340464','VALDIVIA','MORALES','FELIPE ANDRES','142','1');
INSERT INTO HUESPED VALUES ('340465','QUEZADA','VELOSO','MARIA ISABEL','193','2');
INSERT INTO HUESPED VALUES ('340466','MIRANDA','GONZALEZ','LORENZO','133','4');
INSERT INTO HUESPED VALUES ('340467','CARDENAS','PAVEZ','RODRIGO ALBERTO','105','3');
INSERT INTO HUESPED VALUES ('340468','HERNANDEZ','VALENZUELA','ARIEL RICARDO','184','1');
INSERT INTO HUESPED VALUES ('340469','FUENZALIDA','JULIO','RAMIRO ANTONIO','170','3');
INSERT INTO HUESPED VALUES ('340470','GUERRA','LEIVA','CRISTIAN PABLO','141','3');
INSERT INTO HUESPED VALUES ('340471','MORALES','MERA','NYDIA MARCELLE','177','1');
INSERT INTO HUESPED VALUES ('340472','RIFFO','CONTRERAS','PILAR ANDREA','152',NULL);
INSERT INTO HUESPED VALUES ('340473','BOBADILLA','TRIVIÒO','MARCO AURELIO','180','5');
INSERT INTO HUESPED VALUES ('340474','VEGA','LOPEZ','ESTIVALIZ CRISTINA','129','5');
INSERT INTO HUESPED VALUES ('340475','SAAVEDRA','CARMONA','AARON EDUARDO','164','2');
INSERT INTO HUESPED VALUES ('340476','IRIGOYEN','ZAMBRANO','OLAYA ALICIA','194','4');
INSERT INTO HUESPED VALUES ('340477','ARAVENA','CALDERON','CLAUDIO ANDRES','109','2');
INSERT INTO HUESPED VALUES ('340478','CHACON','CATALAN','GLADYS SOLEDAD','142','3');
INSERT INTO HUESPED VALUES ('340479','CONTRERA','FUENTES','BEATRIZ','160','5');
INSERT INTO HUESPED VALUES ('340480','ESPOZ','RAMOS','PAOLA ANDREA','135','2');
INSERT INTO HUESPED VALUES ('340481','ROJAS','DE LA PAZ','CLAUDIA ANDREA','124','4');
INSERT INTO HUESPED VALUES ('340482','BARRA','VENEGAS','JAIME ANTONIO','134','2');
INSERT INTO HUESPED VALUES ('340483','ARAUNA','ESCALONA','HAYDEE AMERICA','117','3');
INSERT INTO HUESPED VALUES ('340484','VEGA','BRITO','PABLO EDUARDO','105','1');
INSERT INTO HUESPED VALUES ('340485','REYES','VASQUEZ','MARCO ANTONIO','113','5');
INSERT INTO HUESPED VALUES ('340486','OJEDA','LOBOS','MABEL GEMITA','114','3');
INSERT INTO HUESPED VALUES ('340487','JARA','SALAZAR','ERIKA MONSERRATT','164','2');
INSERT INTO HUESPED VALUES ('340488','CAMPOS','AUSPONT','ADA DEL ROSARIO','102','2');
INSERT INTO HUESPED VALUES ('340489','ESPINOZA','REYES','CATERINA PATRICIA','143','1');
INSERT INTO HUESPED VALUES ('340490','GODOY','JARA','PAMELA ADRIANA','115','5');
INSERT INTO HUESPED VALUES ('340491','VARELA','PAREDES','RENE ORLANDO','147','3');
INSERT INTO HUESPED VALUES ('340492','FAJARDO','ITURRIAGA','NAZARENO ANDRES','185','3');
INSERT INTO HUESPED VALUES ('340493','DIAZ','ROMERO','JESSICA SOLEDAD','169','4');
INSERT INTO HUESPED VALUES ('340494','GONZALEZ','VILLAGRA','CATERINA PATRICIA','140','1');
INSERT INTO HUESPED VALUES ('340495','BUSTAMANTE','HERRERA','ALEX ARIEL','139','1');
INSERT INTO HUESPED VALUES ('340496','RAMIREZ','GROVE','SOLANGE SYLVIA','134','1');
INSERT INTO HUESPED VALUES ('340497','SOZA','NAVARRETE','LUIS ALEJARDRO','122','2');
INSERT INTO HUESPED VALUES ('340498','MONTECINO','MU—OZ','HECTOR ANDRES','151','3');
INSERT INTO HUESPED VALUES ('340499','MEDEL','OLMOS','MARLUZ GLORIA','117','5');
INSERT INTO HUESPED VALUES ('340500','VALENZUELA','MONSALVE','MYRIAM DEL CARMEN','192','4');
INSERT INTO HUESPED VALUES ('340501','MACAYA','MOLINA','JUAN ALBERTO','121','3');
INSERT INTO HUESPED VALUES ('340502','ARAYA','FLORES','RODRIGO ANTONIO','188','4');
INSERT INTO HUESPED VALUES ('340503','FRIGERIO','LABORDERIE','LILIAN EDITH','159','2');
INSERT INTO HUESPED VALUES ('340504','SEREY','ALBORNOZ','ERNESTO FRANCISCO','173','3');
INSERT INTO HUESPED VALUES ('340506','ARAVENA','ROJAS','SERGIO ANDRES','138','2');
INSERT INTO HUESPED VALUES ('340508','ARAVENA','FUENTES','ANDREA DEL CARMEN','110','3');
INSERT INTO HUESPED VALUES ('340509','RIVAS','AEDO','HILDA ROSA','124','2');
INSERT INTO HUESPED VALUES ('340510','MELO','SANCHEZ','VERONICA PAZ','165','5');
INSERT INTO HUESPED VALUES ('340511','VASQUEZ','SANHUEZA','ADRIANA','184','4');
INSERT INTO HUESPED VALUES ('340512','MOLINES','LABRA','LORENA YEMINA','118','5');
INSERT INTO HUESPED VALUES ('340513','ROJAS','AVENDA—O','CRISTIAN ANTONIO','130','1');
INSERT INTO HUESPED VALUES ('340514','GUERRA','GORMAZ','CRISTIAN MARCELO','141','5');
INSERT INTO HUESPED VALUES ('340515','SATRIANI','QUITAL','MARIA JOSE','153','3');
INSERT INTO HUESPED VALUES ('340516','SAAVEDRA','BADILLA','CARLOS RODRIGO','137','3');
INSERT INTO HUESPED VALUES ('340517','DONOSO','ESCOBAR','JAIME JAVIER','152','3');
INSERT INTO HUESPED VALUES ('340518','PINTO','SANTANA','ARMANDO P','134','4');
INSERT INTO HUESPED VALUES ('340519','RAMIREZ','LAVIN','ALONSO','161','2');
INSERT INTO HUESPED VALUES ('340520','CONCHA','ARAYA','SALVADOR GERMAN','118','1');
INSERT INTO HUESPED VALUES ('340521','VERA','GONZALEZ','MARCELO ANTONIO','114','2');
INSERT INTO HUESPED VALUES ('340522','HIDALGO','COFRE','CRISTIAN G','143','4');
INSERT INTO HUESPED VALUES ('340523','VERGARA','LARA','PEDRO FERNANDO','147','4');
INSERT INTO HUESPED VALUES ('340524','GONZALEZ','MIRANDA','MARCIA IVONNE','122','1');
INSERT INTO HUESPED VALUES ('340525','SANTIS','HERNANDEZ','ROSA MARIA','108','4');
INSERT INTO HUESPED VALUES ('340526','ULLOA','GONZALEZ','CLAUDIO OMAR','186','2');
INSERT INTO HUESPED VALUES ('340528','ROJAS','GALLARDO','MARIA JOSE','133','2');
INSERT INTO HUESPED VALUES ('340529','OLGUIN','SANCHEZ','JULY','107','5');
INSERT INTO HUESPED VALUES ('340530','ALVAREZ','VILLEGA','PAOLA ANDREA','171','1');
INSERT INTO HUESPED VALUES ('340532','URBINA','AHUMADA','CECILIA E.','145','5');
INSERT INTO HUESPED VALUES ('340533','VALDENEGRO','MONCADA','WALDO ADOLFO','118','1');
INSERT INTO HUESPED VALUES ('340534','MIERES','VALENZUELA','CAROLA','158','1');
INSERT INTO HUESPED VALUES ('340535','PEREZ','CABEZAS','PATRICIA','165','2');
INSERT INTO HUESPED VALUES ('340536','SOVIER','IBA—EZ','VICTOR YURI','135','4');
INSERT INTO HUESPED VALUES ('340537','DIAZ','GUERRA','LUISA DEL CARMEN','105','5');
INSERT INTO HUESPED VALUES ('340538','SEGUEL','ALTAMIRANO','MARCELA ANDREA','171','2');
INSERT INTO HUESPED VALUES ('340539','ARELLANO','MARTINEZ','JESSICA VALESKA','121','5');
INSERT INTO HUESPED VALUES ('340540','CALBUN','FAJURI','JORGE ANDRES','147','2');
INSERT INTO HUESPED VALUES ('340542','MORALES','URIBE','CLAUDIO M.','153','3');
INSERT INTO HUESPED VALUES ('340543','GARCIA','CACERES','CARMEN GLORIA','125','1');
INSERT INTO HUESPED VALUES ('340544','TORRES','JARA','LORENA ANDREA','151','2');
INSERT INTO HUESPED VALUES ('340545','CARO','ORTIZ','LEONORA MACARENA','118','3');
INSERT INTO HUESPED VALUES ('340546','CHAVARRIA','GONZALEZ','OSCAR PATRICIO','117','5');
INSERT INTO HUESPED VALUES ('340547','PALMA','POBLETE','MARIA DEL CARMEN','194','4');
INSERT INTO HUESPED VALUES ('340548','TAPIA','CHAVEZ','EDUARDO ALEXIS','166','3');
INSERT INTO HUESPED VALUES ('340549','QUINTANA','DOREN','EVELYN NATALIA','166','5');
INSERT INTO HUESPED VALUES ('340550','ZAMBRANO','VEJAR','ROXANA ISABEL','113','5');
INSERT INTO HUESPED VALUES ('340551','LOPEZ','CIFUENTES','GLADYS FLORIDEMIA','129','1');
INSERT INTO HUESPED VALUES ('340552','VILLARROEL','FAUNDEZ','HADA DE LAS MERCEDES','129','4');
INSERT INTO HUESPED VALUES ('340553','LEON','TAPIA','JAZMIN SOLANGE','170','5');
INSERT INTO HUESPED VALUES ('340554','CASTILLO','GALVEZ','PAMELA ADRIANA','179','3');
INSERT INTO HUESPED VALUES ('340555','ACEVEDO','RETAMAL','LEOPOLDO EUGENIO','185','3');
INSERT INTO HUESPED VALUES ('340556','AMARO','LEIVA','PAOLA','150','1');
INSERT INTO HUESPED VALUES ('340557','AGURTO','SOTO','LUIS JOSIAS','156','2');
INSERT INTO HUESPED VALUES ('340558','MORALES','GUZMAN','ESTHER DE LAS MERCEDES','178','1');
INSERT INTO HUESPED VALUES ('340559','BASTIAS','VILLAR','ALEJANDRO ANTONIO','129','2');
INSERT INTO HUESPED VALUES ('340560','DIAZ','GONZALEZ','RAMON OSVALDO','152','2');
INSERT INTO HUESPED VALUES ('340561','ARANDA','LAZCANO','CLAUDIA ALEJANDRA','108','2');
INSERT INTO HUESPED VALUES ('340562','ORTIZ','SANCHEZ','CLAUDIO FERNANDO','187','1');
INSERT INTO HUESPED VALUES ('340563','LEON','CASTRO','MARICEL','146','2');
INSERT INTO HUESPED VALUES ('340564','CASTRO','ELIZONDO','KARIN ANDREA','138','5');
INSERT INTO HUESPED VALUES ('340566','ARANCIBIA','JARA','CAROLINA ANDREA','102','5');
INSERT INTO HUESPED VALUES ('340567','ORTIZ','ZAPATA','ARTURO EDUARDO','123','5');
INSERT INTO HUESPED VALUES ('340568','RUIZ','AQUEVEQUE','LUIS ROBERTO','148','5');
INSERT INTO HUESPED VALUES ('340569','ROJAS','CASTRO','ANA GARDENA','145','5');
INSERT INTO HUESPED VALUES ('340570','CASTRO','CANARIO','LUIS ANDRES','176','5');
INSERT INTO HUESPED VALUES ('340571','HERNANDEZ','PRADO','CLAUDIO RODRIGO','110','3');
INSERT INTO HUESPED VALUES ('340572','ALVAREZ','REYES','JUAN SALVADOR','118','2');
INSERT INTO HUESPED VALUES ('340573','RAMIREZ','IGOR','JUAN PATRICIO','118','4');
INSERT INTO HUESPED VALUES ('340574','REYES','MOYA','JEANETTE IVON','119','1');
INSERT INTO HUESPED VALUES ('340575','SANDOVAL','SALAS','PATRICIO ALFONSO','169','1');
INSERT INTO HUESPED VALUES ('340576','SALVO','JIMENEZ','ALEJANDRA DEL CARMEN','115','5');
INSERT INTO HUESPED VALUES ('340577','MORALES','HERRERA','PAULINA ANDREA','172','5');
INSERT INTO HUESPED VALUES ('340578','CACERES','SANTIBA—EZ','PABLO ANSELMO','114','4');
INSERT INTO HUESPED VALUES ('340579','FUENZALIDA','GUZMAN','LESLYE JEINS','181','1');
INSERT INTO HUESPED VALUES ('340580','PORTAL','CONTRERAS','MARIA ELENA','150','4');
INSERT INTO HUESPED VALUES ('340581','ZU—IGA','GUEVARA','BERNARDO F.','192','5');
INSERT INTO HUESPED VALUES ('340582','OPAZO','GARCIA','MARLENE MARIANELLA','174','3');
INSERT INTO HUESPED VALUES ('340583','HERNANDEZ','VARAS','SILVIA CECILIA','191','2');
INSERT INTO HUESPED VALUES ('340584','CEA','MORALES','JESSICA CECILIA','119','3');
INSERT INTO HUESPED VALUES ('340585','MOLINA','GARRIDO','ITALO ARIEL','169','4');
INSERT INTO HUESPED VALUES ('340586','GONZALEZ','MARIN','JESSICA DEL CARMEN','133','3');
INSERT INTO HUESPED VALUES ('340587','BLANCO','RIVERA','OSCAR ANTONIO','189','2');
INSERT INTO HUESPED VALUES ('340588','SEPULVEDA','KOVACZ','PATRICIA ALEJANDRA','168','3');
INSERT INTO HUESPED VALUES ('340590','ARAVENA','ACU—A','ESMERALDA MERCEDES','175','3');
INSERT INTO HUESPED VALUES ('340591','ORTEGA','PARDO','MARCELA','125','3');
INSERT INTO HUESPED VALUES ('340592','OVIEDO','CANALES','MARIA ELENA','118','1');
INSERT INTO HUESPED VALUES ('340593','CATALDO','OVALLE','PATRICIA DEL CARMEN','189','5');
INSERT INTO HUESPED VALUES ('340594','LEMUS','GALVEZ','JAIME ANTONIO','120','5');
INSERT INTO HUESPED VALUES ('340595','MORI','ZU—IGA','JUAN CARLOS','120','5');
INSERT INTO HUESPED VALUES ('340596','PONCE','OLGUIN','ALEXIS ANTONIO','194','2');
INSERT INTO HUESPED VALUES ('340597','SILVA','CORNEJO','SERGIO IVAN','133','5');
INSERT INTO HUESPED VALUES ('340598','AEDO','NAUCO','EMMA LUCIA','149','4');
INSERT INTO HUESPED VALUES ('340599','MU—OZ','PAVEZ','JAIME ORIEL','174','5');
INSERT INTO HUESPED VALUES ('340600','ALARCON','RAMIREZ','FELIX ALBERTO','110','5');
INSERT INTO HUESPED VALUES ('340601','MENA','PERALTA','CARLOS ALEXIS','155','2');
INSERT INTO HUESPED VALUES ('340602','ALLENDE','ORELL','MARIA EUGENIA','123','4');
INSERT INTO HUESPED VALUES ('340603','LOPEZ','GONZALEZ','TEOLINDA  DE LAS M.','134','2');
INSERT INTO HUESPED VALUES ('340604','CANDIA','GONZALES','RODRIGO ALFREDO','138','4');
INSERT INTO HUESPED VALUES ('340605','GODOY','SANDOVAL','JORGE LUIS','176','4');
INSERT INTO HUESPED VALUES ('340606','OPAZO','JORQUERA','HERNAN ALONSO','164','4');
INSERT INTO HUESPED VALUES ('340607','NUÒEZ','TORO','LIGIA','189','4');
INSERT INTO HUESPED VALUES ('340608','ZELADA','GONZALEZ','JUANA IBERMINIA','122','4');
INSERT INTO HUESPED VALUES ('340609','GONZALEZ','HERNANDEZ','ORLANDO HERNAN','117','5');
INSERT INTO HUESPED VALUES ('340610','LANDEROS','NOVA','CARLOS ALEJANDRO','148','2');
INSERT INTO HUESPED VALUES ('340611','HENRIQUEZ','LEIVA','DIEGO FERNANDO','140','2');
INSERT INTO HUESPED VALUES ('340612','ARZA','CASTILLO','SERGIO LEON','178','3');
INSERT INTO HUESPED VALUES ('340613','CACERES','GONZALEZ','DAVID ORLANDO','128','3');
INSERT INTO HUESPED VALUES ('340614','MADRIAZA','LOPEZ','DORIS HORTENSIA','120','5');
INSERT INTO HUESPED VALUES ('340615','TORRES','HUICHAMAN','ALEJANDRO ANTONIO','138','5');
INSERT INTO HUESPED VALUES ('340616','SOLANO','FERNANDEZ','EDUARDO','186','2');
INSERT INTO HUESPED VALUES ('340617','CEPEDA','CARES','VERONICA MARISOL','195','2');
INSERT INTO HUESPED VALUES ('340618','ARAVENA','ORTIZ','ROSA FRANCISCA','123','1');
INSERT INTO HUESPED VALUES ('340619','NAVARRO','ALVARADO','PATRICIO FERNANDO','157','4');
INSERT INTO HUESPED VALUES ('340620','GARCIA','PINO','VICTOR','168','5');
INSERT INTO HUESPED VALUES ('340621','ORTIZ','ESPINOZA','ALEXIS','166','5');
INSERT INTO HUESPED VALUES ('340622','ALVAREZ','ALONSO','GLORIA IVONNE','165','2');
INSERT INTO HUESPED VALUES ('340623','MORAGA','HORMAZABAL','ANDREA ISABEL','169','2');
INSERT INTO HUESPED VALUES ('340624','QUIROGA','ROBLES','ERIC CHRISTIAN','145','4');
INSERT INTO HUESPED VALUES ('340625','ZAVALA','BARRA','ALEX RODRIGO','119','5');
INSERT INTO HUESPED VALUES ('340626','CORREA','CARO','JUAN CARLOS','118','3');
INSERT INTO HUESPED VALUES ('340627','CORROTEA','GALVEZ','DANTE MARCELO','116','4');
INSERT INTO HUESPED VALUES ('340628','POBLETE','TORRES','NILDA ELIZABETH','151','1');
INSERT INTO HUESPED VALUES ('340629','GUTIERREZ','VARGAS','LORENA DE LAS MERCEDES','122','3');
INSERT INTO HUESPED VALUES ('340630','BUSTAMANTE','LILLO','SOLANGE','161','5');
INSERT INTO HUESPED VALUES ('340631','ALLENDES','DURAN','RODRIGO ANTONIO','126','4');
INSERT INTO HUESPED VALUES ('340632','JARA','LUENGO','CLAUDIO ENRIQUE','169','3');
INSERT INTO HUESPED VALUES ('340633','RAMOS','MIRANDA','PATRICIA ELENA','164','5');
INSERT INTO HUESPED VALUES ('340634','COLONELLE','BARRIGA','RICARDO ENRIQUE','135','2');
INSERT INTO HUESPED VALUES ('340635','VERGARA','MU—OZ','JOSE ANTONIO','106','3');
INSERT INTO HUESPED VALUES ('340636','MIRANDA','GONZALEZ','PATRICIO JAVIER','154','4');
INSERT INTO HUESPED VALUES ('340639','MENESES','DIAZ','LETICIA DEL CARMEN','124','4');
INSERT INTO HUESPED VALUES ('340640','PEREIRA','HIDALGO','MARIA GEMITA','112','2');
INSERT INTO HUESPED VALUES ('340641','QUIROZ','RIVEROS','ALEXIS JAIME','117','4');
INSERT INTO HUESPED VALUES ('340643','GONZALEZ','MARAMBIO','CARLOS ALBERTO','161','5');
INSERT INTO HUESPED VALUES ('340644','CA—ETE','MU—OZ','ALEJANDRO A.','151',NULL);
INSERT INTO HUESPED VALUES ('340645','ARANCIBIA','VIDAL','DAVID ALFREDO','160','3');
INSERT INTO HUESPED VALUES ('340646','CASTRO','HIDALGO','AQUILES ALFREDO','138','2');
INSERT INTO HUESPED VALUES ('340647','CAMPOS','CANALES','HECTOR MARIO','129','4');
INSERT INTO HUESPED VALUES ('340648','VELASQUEZ','VALENZUELA','ALEX HUMBERTO','125','3');
INSERT INTO HUESPED VALUES ('340649','SAAVEDRA','GUTIERREZ','JUAN CARLOS','134','2');
INSERT INTO HUESPED VALUES ('340650','VERA','LASTRA','PABLO','167','1');
INSERT INTO HUESPED VALUES ('340651','MU—OZ','CASTILLO','EUGENIO','194','1');
INSERT INTO HUESPED VALUES ('340653','SANTOS','AGUILERA','RICARDO PATRICIO','109','2');
INSERT INTO HUESPED VALUES ('340654','VIDAL','CONTRERAS','ALEXIS ENRIQUE','195','2');
INSERT INTO HUESPED VALUES ('340655','GALLARDO','GONZALEZ','CLAUDIA LORENA','124','2');
INSERT INTO HUESPED VALUES ('340656','PEREZ','FIGUEROA','JACQUELINE S.','129','5');
INSERT INTO HUESPED VALUES ('340657','SOTO','QUIÒONES','PAULO SEBASTIAN','160','4');
INSERT INTO HUESPED VALUES ('340658','CACERES','ARANCIBIA','DANIELA FEDORA','171','5');
INSERT INTO HUESPED VALUES ('340659','GALAZ','CARTAGENA','CRISTIAN ALBERTO','162','3');
INSERT INTO HUESPED VALUES ('340660','QUIROGA','VELENZUELA','INGRID PAOLA','131','5');
INSERT INTO HUESPED VALUES ('340661','SAEZ','MORALES','JOSE MANUEL','174','2');
INSERT INTO HUESPED VALUES ('340663','SOTO','SCHULZE','DELIA MARGARITA','128','1');
INSERT INTO HUESPED VALUES ('340664','ROCHA','CARRASCO','LIDIA PATRICIA','107','5');
INSERT INTO HUESPED VALUES ('340665','BARRIGA','VALENZUELA','RODRIGO EDUARDO','148','1');
INSERT INTO HUESPED VALUES ('340666','PEREZ','ZU—IGA','ANIBAL GABRIEL','131','5');
INSERT INTO HUESPED VALUES ('340667','GONZALEZ','ILLANES','VICTOR HUGO','171','2');
INSERT INTO HUESPED VALUES ('340668','MONDACA','MU—OZ','PAOLA EDITH','109','3');
INSERT INTO HUESPED VALUES ('340669','ALVAREZ','RIOS','SANDRA DE LAS M.','150','4');
INSERT INTO HUESPED VALUES ('340670','WILSON','SANTANA','CLAUDIO ANDRES','124','5');
INSERT INTO HUESPED VALUES ('340671','VALENCIA','VELASQUEZ','GERARDO RAFAEL','183','5');
INSERT INTO HUESPED VALUES ('340672','HUICHAQUEO','CASTILLO','MARIA DE LOS ANGELES','129','3');
INSERT INTO HUESPED VALUES ('340673','ALARCON','STEPKE','MARIA CRISTINA','133','2');
INSERT INTO HUESPED VALUES ('340674','ESTAY','HERRERA','ROSA LORENA DEL C.','127','2');
INSERT INTO HUESPED VALUES ('340675','JARA','NOCHES','JACQUELINE PILAR','150','4');
INSERT INTO HUESPED VALUES ('340676','FABIO','DEL VALLE','LUIS GERARDO','152','4');
INSERT INTO HUESPED VALUES ('340677','VENEGAS','CANALES','SERGIO DANIEL','157','4');
INSERT INTO HUESPED VALUES ('340678','CANALES','RAMOS','LUIS D.','109','3');
INSERT INTO HUESPED VALUES ('340680','MATAMALA','GALAZ','EDUARDO A.','171','2');
INSERT INTO HUESPED VALUES ('340681','VARGAS','ARAGON','PABLO IVAN','104','4');
INSERT INTO HUESPED VALUES ('340682','CARRILLO','VASQUEZ','GLADYS ISABEL','150','2');
INSERT INTO HUESPED VALUES ('340683','MIRANDA','BARRIENTOS','JUAN ALBERTO','135','2');
INSERT INTO HUESPED VALUES ('340684','MOL','NU—EZ','YURI DENNIS','115','2');
INSERT INTO HUESPED VALUES ('340685','FIGUEROA','GARCIA','JOHANNA A.','126','1');
INSERT INTO HUESPED VALUES ('340686','CAMPOS','LOBOS','CARMEN GLORIA','159','2');
INSERT INTO HUESPED VALUES ('340687','CASTILLO','MORA','VICTOR HUGO','147','4');
INSERT INTO HUESPED VALUES ('340688','ROBLES','MORALES','RICARDO','161','2');
INSERT INTO HUESPED VALUES ('340689','MARDONES','SANDOVAL','CRISTINA DEL CARMEN','194','5');
INSERT INTO HUESPED VALUES ('340690','HERRERA','QUINTEROS','MARIA PAZ','171','3');
INSERT INTO HUESPED VALUES ('340691','IBACETA','NU—EZ','GEORGE NICANOR','157','4');
INSERT INTO HUESPED VALUES ('340692','RIQUELME','PEREZ','ALEJANDRO OCTAVIO','185','3');
INSERT INTO HUESPED VALUES ('340693','RESTOVIC','GARCIA','RODRIGO','125','3');
INSERT INTO HUESPED VALUES ('340694','CARRE—O','ARZOLA','INGRID L.','128','3');
INSERT INTO HUESPED VALUES ('340695','FIGUEROA','JORQUERA','BERNARDITA A.','110','3');
INSERT INTO HUESPED VALUES ('340696','ORTIZ','CARMONA','ANA MARIA','136','1');
INSERT INTO HUESPED VALUES ('340697','MADRID','RAMIREZ','JONATHAN LUIS','195','4');
INSERT INTO HUESPED VALUES ('340698','BADILLA','SEPULVEDA','CLAUDIA ESTER','126','5');
INSERT INTO HUESPED VALUES ('340699','PE—A','HUENCHUN','SUSANA','115','2');
INSERT INTO HUESPED VALUES ('340700','GALANAKIS','PE—ALOZA','GABRIELA NEDDA DEL C.','160','1');

INSERT INTO habitacion  VALUES (101,'D',148,10);
INSERT INTO habitacion  VALUES (102,'D',144,11);
INSERT INTO habitacion  VALUES (103,'D',154,12);
INSERT INTO habitacion  VALUES (104,'S',153,9);
INSERT INTO habitacion  VALUES (105,'D',145,10);
INSERT INTO habitacion  VALUES (106,'C',148,10);
INSERT INTO habitacion  VALUES (107,'D',144,11);
INSERT INTO habitacion  VALUES (108,'D',154,12);
INSERT INTO habitacion  VALUES (109,'S',153,9);
INSERT INTO habitacion  VALUES (201,'D',145,10);
INSERT INTO habitacion  VALUES (202,'T',144,9);
INSERT INTO habitacion  VALUES (203,'T',156,10);
INSERT INTO habitacion  VALUES (204,'T',174,11);
INSERT INTO habitacion  VALUES (205,'D',144,12);
INSERT INTO habitacion  VALUES (206,'D',148,10);
INSERT INTO habitacion  VALUES (207,'D',144,11);
INSERT INTO habitacion  VALUES (208,'D',154,12);
INSERT INTO habitacion  VALUES (209,'S',153,9);
INSERT INTO habitacion  VALUES (301,'D',145,10);
INSERT INTO habitacion  VALUES (302,'D',153,13);
INSERT INTO habitacion  VALUES (303,'D',154,11);
INSERT INTO habitacion  VALUES (304,'D',145,14);
INSERT INTO habitacion  VALUES (305,'D',145,15);
INSERT INTO habitacion  VALUES (306,'S',164,10);
INSERT INTO habitacion  VALUES (307,'D',148,10);
INSERT INTO habitacion  VALUES (308,'D',144,11);
INSERT INTO habitacion  VALUES (401,'D',154,12);
INSERT INTO habitacion  VALUES (402,'S',153,9);
INSERT INTO habitacion  VALUES (403,'D',145,10);
INSERT INTO habitacion  VALUES (404,'D',165,14);
INSERT INTO habitacion  VALUES (405,'S',177,11);
INSERT INTO habitacion  VALUES (406,'D',134,8);
INSERT INTO habitacion  VALUES (407,'D',154,9);
INSERT INTO habitacion  VALUES (501,'D',135,10);
INSERT INTO habitacion  VALUES (502,'D',156,11);
INSERT INTO habitacion  VALUES (503,'S',188,7);
INSERT INTO habitacion  VALUES (504,'D',193,10);
INSERT INTO habitacion  VALUES (505,'D',187,14);
INSERT INTO habitacion  VALUES (506,'D',196,13);
INSERT INTO habitacion  VALUES (507,'D',120,12);
INSERT INTO habitacion  VALUES (508,'S',201,11);
INSERT INTO habitacion  VALUES (601,'D',178,14);
INSERT INTO habitacion  VALUES (602,'D',187,14);
INSERT INTO habitacion  VALUES (603,'D',198,14);
INSERT INTO habitacion  VALUES (604,'D',178,14);
INSERT INTO habitacion  VALUES (605,'S',189,16);
INSERT INTO habitacion  VALUES (606,'D',190,15);
INSERT INTO habitacion  VALUES (607,'D',194,17);
INSERT INTO habitacion  VALUES (701,'D',188,20);
INSERT INTO habitacion  VALUES (702,'S',183,19);
INSERT INTO habitacion  VALUES (703,'D',192,19);
INSERT INTO habitacion  VALUES (704,'D',203,19);
INSERT INTO habitacion  VALUES (705,'D',183,19);
INSERT INTO habitacion  VALUES (706,'S',194,21);
INSERT INTO habitacion  VALUES (707,'D',195,20);
INSERT INTO habitacion  VALUES (801,'SE',260,22);
INSERT INTO habitacion  VALUES (802,'SE',180,25);
INSERT INTO habitacion  VALUES (803,'SE',220,24);
INSERT INTO habitacion  VALUES (901,'SP',240,40);

INSERT INTO reserva VALUES ('1161','340515',to_date('01/01/22','DD/MM/RR'),'5','8125781-8');
INSERT INTO reserva VALUES ('1123','340189',to_date('02/01/22','DD/MM/RR'),'4','6467708-6');
INSERT INTO reserva VALUES ('1380','340658',to_date('02/01/22','DD/MM/RR'),'12','12456778-1');
INSERT INTO reserva VALUES ('1488','340621',to_date('02/01/22','DD/MM/RR'),'8','7812354-2');
INSERT INTO reserva VALUES ('1100','340380',to_date('03/01/22','DD/MM/RR'),'6','11245678-5');
INSERT INTO reserva VALUES ('1310','340324',to_date('03/01/22','DD/MM/RR'),'12','7812354-2');
INSERT INTO reserva VALUES ('1238','340504',to_date('06/01/22','DD/MM/RR'),'7','8125781-8');
INSERT INTO reserva VALUES ('1295','340394',to_date('06/01/22','DD/MM/RR'),'8','10812874-0');
INSERT INTO reserva VALUES ('1194','340678',to_date('07/01/22','DD/MM/RR'),'4','9789456-3');
INSERT INTO reserva VALUES ('1572','340621',to_date('08/01/22','DD/MM/RR'),'8','14456789-4');
INSERT INTO reserva VALUES ('1622','340348',to_date('08/01/22','DD/MM/RR'),'11','10712354-2');
INSERT INTO reserva VALUES ('1033','340016',to_date('10/01/22','DD/MM/RR'),'8','11124678-3');
INSERT INTO reserva VALUES ('1298','340397',to_date('10/01/22','DD/MM/RR'),'8','14456789-4');
INSERT INTO reserva VALUES ('1356','340432',to_date('10/01/22','DD/MM/RR'),'5','10812874-0');
INSERT INTO reserva VALUES ('1131','340524',to_date('11/01/22','DD/MM/RR'),'12','10125945-7');
INSERT INTO reserva VALUES ('875','340336',to_date('12/01/22','DD/MM/RR'),'6','9789456-3');
INSERT INTO reserva VALUES ('1160','340544',to_date('12/01/22','DD/MM/RR'),'10','13746912-9');
INSERT INTO reserva VALUES ('1289','340464',to_date('12/01/22','DD/MM/RR'),'11','11124678-3');
INSERT INTO reserva VALUES ('1153','340609',to_date('13/01/22','DD/MM/RR'),'6','9789456-3');
INSERT INTO reserva VALUES ('1393','340188',to_date('13/01/22','DD/MM/RR'),'8','11245678-5');
INSERT INTO reserva VALUES ('1029','340570',to_date('14/01/22','DD/MM/RR'),'7','10712354-2');
INSERT INTO reserva VALUES ('1127','340238',to_date('14/01/22','DD/MM/RR'),'11','11124678-3');
INSERT INTO reserva VALUES ('1248','340256',to_date('14/01/22','DD/MM/RR'),'9','9912478-3');
INSERT INTO reserva VALUES ('1428','340593',to_date('14/01/22','DD/MM/RR'),'7','5446780-0');
INSERT INTO reserva VALUES ('1471','340684',to_date('14/01/22','DD/MM/RR'),'7','9912478-3');
INSERT INTO reserva VALUES ('917','340324',to_date('15/01/22','DD/MM/RR'),'5','8125781-8');
INSERT INTO reserva VALUES ('888','340076',to_date('16/01/22','DD/MM/RR'),'9','10456789-4');
INSERT INTO reserva VALUES ('955','340145',to_date('16/01/22','DD/MM/RR'),'9','8125781-8');
INSERT INTO reserva VALUES ('1007','340281',to_date('16/01/22','DD/MM/RR'),'11','11124678-3');
INSERT INTO reserva VALUES ('1178','340101',to_date('16/01/22','DD/MM/RR'),'12','10125945-7');
INSERT INTO reserva VALUES ('1266','340106',to_date('17/01/22','DD/MM/RR'),'8','5446780-0');
INSERT INTO reserva VALUES ('1459','340092',to_date('17/01/22','DD/MM/RR'),'4','11245678-5');
INSERT INTO reserva VALUES ('901','340551',to_date('18/01/22','DD/MM/RR'),'8','9789456-3');
INSERT INTO reserva VALUES ('1279','340222',to_date('18/01/22','DD/MM/RR'),'7','10456789-4');
INSERT INTO reserva VALUES ('884','340463',to_date('19/01/22','DD/MM/RR'),'6','13746912-9');
INSERT INTO reserva VALUES ('1198','340003',to_date('19/01/22','DD/MM/RR'),'10','10812874-0');
INSERT INTO reserva VALUES ('913','340653',to_date('20/01/22','DD/MM/RR'),'8','14456789-4');
INSERT INTO reserva VALUES ('920','340691',to_date('20/01/22','DD/MM/RR'),'5','10812874-0');
INSERT INTO reserva VALUES ('1586','340131',to_date('20/01/22','DD/MM/RR'),'6','11124678-3');
INSERT INTO reserva VALUES ('1027','340275',to_date('21/01/22','DD/MM/RR'),'5','12456778-1');
INSERT INTO reserva VALUES ('1497','340382',to_date('21/01/22','DD/MM/RR'),'11','5446780-0');
INSERT INTO reserva VALUES ('1078','340420',to_date('22/01/22','DD/MM/RR'),'10','6467708-6');
INSERT INTO reserva VALUES ('1280','340114',to_date('22/01/22','DD/MM/RR'),'12','13746912-9');
INSERT INTO reserva VALUES ('1367','340211',to_date('22/01/22','DD/MM/RR'),'12','12456778-1');
INSERT INTO reserva VALUES ('921','340622',to_date('24/01/22','DD/MM/RR'),'10','10812874-0');
INSERT INTO reserva VALUES ('1219','340101',to_date('24/01/22','DD/MM/RR'),'10','6245678-1');
INSERT INTO reserva VALUES ('1292','340193',to_date('24/01/22','DD/MM/RR'),'11','13746912-9');
INSERT INTO reserva VALUES ('1418','340113',to_date('24/01/22','DD/MM/RR'),'6','9912478-3');
INSERT INTO reserva VALUES ('1433','340292',to_date('24/01/22','DD/MM/RR'),'11','14456789-4');
INSERT INTO reserva VALUES ('1234','340674',to_date('25/01/22','DD/MM/RR'),'7','6245678-1');
INSERT INTO reserva VALUES ('1187','340579',to_date('26/01/22','DD/MM/RR'),'10','6245678-1');
INSERT INTO reserva VALUES ('938','340205',to_date('27/01/22','DD/MM/RR'),'4','10456789-4');
INSERT INTO reserva VALUES ('1544','340639',to_date('27/01/22','DD/MM/RR'),'10','6467708-6');
INSERT INTO reserva VALUES ('1617','340434',to_date('29/01/22','DD/MM/RR'),'10','13746912-9');
INSERT INTO reserva VALUES ('1030','340186',to_date('30/01/22','DD/MM/RR'),'9','6467708-6');
INSERT INTO reserva VALUES ('873','340008',to_date('31/01/22','DD/MM/RR'),'5','14456789-4');
INSERT INTO reserva VALUES ('1318','340117',to_date('01/02/22','DD/MM/RR'),'12','11245678-5');
INSERT INTO reserva VALUES ('1192','340187',to_date('02/02/22','DD/MM/RR'),'12','12456778-1');
INSERT INTO reserva VALUES ('1314','340468',to_date('02/02/22','DD/MM/RR'),'12','11245678-5');
INSERT INTO reserva VALUES ('1511','340014',to_date('02/02/22','DD/MM/RR'),'7','5446780-0');
INSERT INTO reserva VALUES ('1197','340130',to_date('03/02/22','DD/MM/RR'),'5','8125781-8');
INSERT INTO reserva VALUES ('1501','340469',to_date('03/02/22','DD/MM/RR'),'6','6245678-1');
INSERT INTO reserva VALUES ('1037','340154',to_date('05/02/22','DD/MM/RR'),'8','11124678-3');
INSERT INTO reserva VALUES ('1079','340624',to_date('05/02/22','DD/MM/RR'),'9','5446780-0');
INSERT INTO reserva VALUES ('1376','340156',to_date('05/02/22','DD/MM/RR'),'12','12456778-1');
INSERT INTO reserva VALUES ('905','340193',to_date('07/02/22','DD/MM/RR'),'11','13746912-9');
INSERT INTO reserva VALUES ('911','340168',to_date('07/02/22','DD/MM/RR'),'9','6245678-1');
INSERT INTO reserva VALUES ('1039','340055',to_date('07/02/22','DD/MM/RR'),'5','9789456-3');
INSERT INTO reserva VALUES ('1233','340387',to_date('07/02/22','DD/MM/RR'),'7','9789456-3');
INSERT INTO reserva VALUES ('1031','340088',to_date('09/02/22','DD/MM/RR'),'7','5446780-0');
INSERT INTO reserva VALUES ('1047','340104',to_date('10/02/22','DD/MM/RR'),'7','12456778-1');
INSERT INTO reserva VALUES ('1098','340198',to_date('10/02/22','DD/MM/RR'),'6','13746912-9');
INSERT INTO reserva VALUES ('1609','340090',to_date('10/02/22','DD/MM/RR'),'8','5446780-0');
INSERT INTO reserva VALUES ('1173','340536',to_date('11/02/22','DD/MM/RR'),'7','11124678-3');
INSERT INTO reserva VALUES ('910','340510',to_date('12/02/22','DD/MM/RR'),'7','13746912-9');
INSERT INTO reserva VALUES ('1434','340368',to_date('12/02/22','DD/MM/RR'),'9','5446780-0');
INSERT INTO reserva VALUES ('1458','340472',to_date('12/02/22','DD/MM/RR'),'11','10712354-2');
INSERT INTO reserva VALUES ('1480','340221',to_date('12/02/22','DD/MM/RR'),'11','8125781-8');
INSERT INTO reserva VALUES ('1491','340260',to_date('13/02/22','DD/MM/RR'),'11','11124678-3');
INSERT INTO reserva VALUES ('898','340171',to_date('14/02/22','DD/MM/RR'),'6','7812354-2');
INSERT INTO reserva VALUES ('1156','340054',to_date('14/02/22','DD/MM/RR'),'11','10125945-7');
INSERT INTO reserva VALUES ('1272','340128',to_date('14/02/22','DD/MM/RR'),'5','9912478-3');
INSERT INTO reserva VALUES ('866','340691',to_date('15/02/22','DD/MM/RR'),'4','9789456-3');
INSERT INTO reserva VALUES ('1026','340300',to_date('16/02/22','DD/MM/RR'),'8','5446780-0');
INSERT INTO reserva VALUES ('1104','340356',to_date('16/02/22','DD/MM/RR'),'8','6245678-1');
INSERT INTO reserva VALUES ('1185','340597',to_date('16/02/22','DD/MM/RR'),'12','7812354-2');
INSERT INTO reserva VALUES ('1395','340241',to_date('17/02/22','DD/MM/RR'),'9','10456789-4');
INSERT INTO reserva VALUES ('1152','340351',to_date('18/02/22','DD/MM/RR'),'10','12456778-1');
INSERT INTO reserva VALUES ('989','340615',to_date('19/02/22','DD/MM/RR'),'7','12456778-1');
INSERT INTO reserva VALUES ('996','340383',to_date('19/02/22','DD/MM/RR'),'11','7812354-2');
INSERT INTO reserva VALUES ('892','340181',to_date('20/02/22','DD/MM/RR'),'6','7812354-2');
INSERT INTO reserva VALUES ('1040','340060',to_date('20/02/22','DD/MM/RR'),'9','9789456-3');
INSERT INTO reserva VALUES ('1366','340685',to_date('20/02/22','DD/MM/RR'),'11','10812874-0');
INSERT INTO reserva VALUES ('1390','340383',to_date('20/02/22','DD/MM/RR'),'12','11245678-5');
INSERT INTO reserva VALUES ('1584','340299',to_date('20/02/22','DD/MM/RR'),'8','10812874-0');
INSERT INTO reserva VALUES ('1603','340145',to_date('20/02/22','DD/MM/RR'),'10','12456778-1');
INSERT INTO reserva VALUES ('1403','340538',to_date('21/02/22','DD/MM/RR'),'12','14456789-4');
INSERT INTO reserva VALUES ('1145','340183',to_date('22/02/22','DD/MM/RR'),'11','8125781-8');
INSERT INTO reserva VALUES ('1183','340606',to_date('22/02/22','DD/MM/RR'),'11','10125945-7');
INSERT INTO reserva VALUES ('1446','340285',to_date('22/02/22','DD/MM/RR'),'6','10712354-2');
INSERT INTO reserva VALUES ('965','340509',to_date('23/02/22','DD/MM/RR'),'11','6467708-6');
INSERT INTO reserva VALUES ('1067','340065',to_date('23/02/22','DD/MM/RR'),'4','12456778-1');
INSERT INTO reserva VALUES ('1462','340152',to_date('24/02/22','DD/MM/RR'),'12','10125945-7');
INSERT INTO reserva VALUES ('933','340326',to_date('25/02/22','DD/MM/RR'),'12','11124678-3');
INSERT INTO reserva VALUES ('1606','340539',to_date('25/02/22','DD/MM/RR'),'10','7812354-2');
INSERT INTO reserva VALUES ('927','340095',to_date('26/02/22','DD/MM/RR'),'10','11124678-3');
INSERT INTO reserva VALUES ('1402','340396',to_date('26/02/22','DD/MM/RR'),'12','10125945-7');
INSERT INTO reserva VALUES ('1561','340678',to_date('26/02/22','DD/MM/RR'),'7','13746912-9');
INSERT INTO reserva VALUES ('1011','340595',to_date('27/02/22','DD/MM/RR'),'4','6245678-1');
INSERT INTO reserva VALUES ('1020','340021',to_date('27/02/22','DD/MM/RR'),'10','13746912-9');
INSERT INTO reserva VALUES ('1200','340364',to_date('27/02/22','DD/MM/RR'),'10','10456789-4');
INSERT INTO reserva VALUES ('1438','340128',to_date('27/02/22','DD/MM/RR'),'11','14456789-4');
INSERT INTO reserva VALUES ('1394','340585',to_date('29/02/22','DD/MM/RR'),'10','11124678-3');
INSERT INTO reserva VALUES ('1500','340396',to_date('29/02/22','DD/MM/RR'),'8','11124678-3');
INSERT INTO reserva VALUES ('1515','340260',to_date('01/03/22','DD/MM/RR'),'10','5446780-0');
INSERT INTO reserva VALUES ('976','340004',to_date('03/03/22','DD/MM/RR'),'6','6245678-1');
INSERT INTO reserva VALUES ('1055','340195',to_date('04/03/22','DD/MM/RR'),'11','9789456-3');
INSERT INTO reserva VALUES ('1124','340197',to_date('05/03/22','DD/MM/RR'),'11','10125945-7');
INSERT INTO reserva VALUES ('1180','340384',to_date('05/03/22','DD/MM/RR'),'8','13746912-9');
INSERT INTO reserva VALUES ('1404','340614',to_date('05/03/22','DD/MM/RR'),'9','10125945-7');
INSERT INTO reserva VALUES ('1429','340074',to_date('05/03/22','DD/MM/RR'),'11','8125781-8');
INSERT INTO reserva VALUES ('1626','340439',to_date('05/03/22','DD/MM/RR'),'10','10125945-7');
INSERT INTO reserva VALUES ('967','340222',to_date('06/03/22','DD/MM/RR'),'8','10812874-0');
INSERT INTO reserva VALUES ('1144','340263',to_date('06/03/22','DD/MM/RR'),'6','6467708-6');
INSERT INTO reserva VALUES ('1469','340336',to_date('06/03/22','DD/MM/RR'),'7','6467708-6');
INSERT INTO reserva VALUES ('1179','340614',to_date('07/03/22','DD/MM/RR'),'9','9789456-3');
INSERT INTO reserva VALUES ('1296','340171',to_date('07/03/22','DD/MM/RR'),'11','7812354-2');
INSERT INTO reserva VALUES ('1621','340470',to_date('07/03/22','DD/MM/RR'),'7','12456778-1');
INSERT INTO reserva VALUES ('912','340365',to_date('08/03/22','DD/MM/RR'),'7','5446780-0');
INSERT INTO reserva VALUES ('1354','340120',to_date('08/03/22','DD/MM/RR'),'5','10456789-4');
INSERT INTO reserva VALUES ('1466','340556',to_date('09/03/22','DD/MM/RR'),'10','11245678-5');
INSERT INTO reserva VALUES ('1112','340681',to_date('12/03/22','DD/MM/RR'),'5','11245678-5');
INSERT INTO reserva VALUES ('1338','340430',to_date('12/03/22','DD/MM/RR'),'5','8125781-8');
INSERT INTO reserva VALUES ('1597','340334',to_date('12/03/22','DD/MM/RR'),'11','14456789-4');
INSERT INTO reserva VALUES ('1208','340651',to_date('13/03/22','DD/MM/RR'),'10','12456778-1');
INSERT INTO reserva VALUES ('1596','340599',to_date('13/03/22','DD/MM/RR'),'5','6467708-6');
INSERT INTO reserva VALUES ('1174','340155',to_date('15/03/22','DD/MM/RR'),'12','10456789-4');
INSERT INTO reserva VALUES ('1061','340626',to_date('16/03/22','DD/MM/RR'),'12','12456778-1');
INSERT INTO reserva VALUES ('1231','340673',to_date('16/03/22','DD/MM/RR'),'5','6245678-1');
INSERT INTO reserva VALUES ('947','340689',to_date('17/03/22','DD/MM/RR'),'11','11245678-5');
INSERT INTO reserva VALUES ('1288','340101',to_date('17/03/22','DD/MM/RR'),'11','11245678-5');
INSERT INTO reserva VALUES ('1088','340374',to_date('18/03/22','DD/MM/RR'),'4','11245678-5');
INSERT INTO reserva VALUES ('1494','340296',to_date('18/03/22','DD/MM/RR'),'10','10456789-4');
INSERT INTO reserva VALUES ('923','340097',to_date('19/03/22','DD/MM/RR'),'4','10712354-2');
INSERT INTO reserva VALUES ('950','340461',to_date('19/03/22','DD/MM/RR'),'11','10712354-2');
INSERT INTO reserva VALUES ('1086','340330',to_date('19/03/22','DD/MM/RR'),'11','11124678-3');
INSERT INTO reserva VALUES ('1105','340453',to_date('19/03/22','DD/MM/RR'),'7','9789456-3');
INSERT INTO reserva VALUES ('1139','340359',to_date('19/03/22','DD/MM/RR'),'11','6467708-6');
INSERT INTO reserva VALUES ('1235','340571',to_date('19/03/22','DD/MM/RR'),'4','11245678-5');
INSERT INTO reserva VALUES ('1258','340033',to_date('19/03/22','DD/MM/RR'),'7','5446780-0');
INSERT INTO reserva VALUES ('1307','340161',to_date('19/03/22','DD/MM/RR'),'4','6467708-6');
INSERT INTO reserva VALUES ('1383','340665',to_date('19/03/22','DD/MM/RR'),'6','12456778-1');
INSERT INTO reserva VALUES ('1408','340201',to_date('19/03/22','DD/MM/RR'),'6','10812874-0');
INSERT INTO reserva VALUES ('1551','340280',to_date('19/03/22','DD/MM/RR'),'8','6467708-6');
INSERT INTO reserva VALUES ('1060','340236',to_date('20/03/22','DD/MM/RR'),'12','10812874-0');
INSERT INTO reserva VALUES ('1201','340472',to_date('20/03/22','DD/MM/RR'),'6','10712354-2');
INSERT INTO reserva VALUES ('1223','340700',to_date('20/03/22','DD/MM/RR'),'10','11124678-3');
INSERT INTO reserva VALUES ('1361','340036',to_date('20/03/22','DD/MM/RR'),'6','9912478-3');
INSERT INTO reserva VALUES ('1193','340559',to_date('21/03/22','DD/MM/RR'),'4','10125945-7');
INSERT INTO reserva VALUES ('1451','340604',to_date('21/03/22','DD/MM/RR'),'12','11124678-3');
INSERT INTO reserva VALUES ('975','340418',to_date('22/03/22','DD/MM/RR'),'8','10812874-0');
INSERT INTO reserva VALUES ('1165','340155',to_date('23/03/22','DD/MM/RR'),'7','10456789-4');
INSERT INTO reserva VALUES ('1205','340237',to_date('23/03/22','DD/MM/RR'),'10','6467708-6');
INSERT INTO reserva VALUES ('886','340154',to_date('24/03/22','DD/MM/RR'),'7','7812354-2');
INSERT INTO reserva VALUES ('1449','340215',to_date('24/03/22','DD/MM/RR'),'6','13746912-9');
INSERT INTO reserva VALUES ('1611','340407',to_date('24/03/22','DD/MM/RR'),'12','7812354-2');
INSERT INTO reserva VALUES ('1334','340251',to_date('25/03/22','DD/MM/RR'),'4','6467708-6');
INSERT INTO reserva VALUES ('1605','340599',to_date('26/03/22','DD/MM/RR'),'11','13746912-9');
INSERT INTO reserva VALUES ('1337','340530',to_date('27/03/22','DD/MM/RR'),'4','5446780-0');
INSERT INTO reserva VALUES ('1831','340304',to_date('14/06/23','DD/MM/RR'),'12','11124678-3');
INSERT INTO reserva VALUES ('1835','340008',to_date('14/06/23','DD/MM/RR'),'8','10712354-2');
INSERT INTO reserva VALUES ('1841','340273',to_date('14/06/23','DD/MM/RR'),'9','11124678-3');
INSERT INTO reserva VALUES ('1720','340195',to_date('16/06/23','DD/MM/RR'),'9','11124678-3');
INSERT INTO reserva VALUES ('1757','340220',to_date('16/06/23','DD/MM/RR'),'7','7812354-2');
INSERT INTO reserva VALUES ('1900','340050',to_date('16/06/23','DD/MM/RR'),'12','11245678-5');
INSERT INTO reserva VALUES ('1933','340502',to_date('16/06/23','DD/MM/RR'),'9','13746912-9');
INSERT INTO reserva VALUES ('1760','340276',to_date('17/06/23','DD/MM/RR'),'10','6467708-6');
INSERT INTO reserva VALUES ('1979','340322',to_date('18/06/23','DD/MM/RR'),'9','5446780-0');
INSERT INTO reserva VALUES ('1671','340037',to_date('19/06/23','DD/MM/RR'),'10','5446780-0');
INSERT INTO reserva VALUES ('1644','340675',to_date('20/06/23','DD/MM/RR'),'12','7812354-2');
INSERT INTO reserva VALUES ('1937','340380',to_date('21/06/23','DD/MM/RR'),'7','9912478-3');
INSERT INTO reserva VALUES ('1951','340298',to_date('21/06/23','DD/MM/RR'),'9','10456789-4');
INSERT INTO reserva VALUES ('1993','340359',to_date('21/06/23','DD/MM/RR'),'6','7812354-2');
INSERT INTO reserva VALUES ('1869','340253',to_date('22/06/23','DD/MM/RR'),'10','7812354-2');
INSERT INTO reserva VALUES ('1731','340528',to_date('23/06/23','DD/MM/RR'),'10','6467708-6');
INSERT INTO reserva VALUES ('1857','340113',to_date('23/06/23','DD/MM/RR'),'10','13746912-9');
INSERT INTO reserva VALUES ('1658','340614',to_date('25/06/23','DD/MM/RR'),'10','10125945-7');
INSERT INTO reserva VALUES ('1672','340389',to_date('25/06/23','DD/MM/RR'),'8','12456778-1');
INSERT INTO reserva VALUES ('1964','340647',to_date('25/06/23','DD/MM/RR'),'4','9912478-3');
INSERT INTO reserva VALUES ('1710','340389',to_date('26/06/23','DD/MM/RR'),'9','8125781-8');
INSERT INTO reserva VALUES ('2000','340138',to_date('26/06/23','DD/MM/RR'),'8','6245678-1');
INSERT INTO reserva VALUES ('1906','340269',to_date('28/06/23','DD/MM/RR'),'4','6467708-6');
INSERT INTO reserva VALUES ('1914','340546',to_date('28/06/23','DD/MM/RR'),'12','10456789-4');
INSERT INTO reserva VALUES ('1734','340121',to_date('29/06/23','DD/MM/RR'),'12','6245678-1');
INSERT INTO reserva VALUES ('1890','340619',to_date('29/06/23','DD/MM/RR'),'8','12456778-1');
INSERT INTO reserva VALUES ('1897','340030',to_date('29/06/23','DD/MM/RR'),'7','9789456-3');
INSERT INTO reserva VALUES ('1677','340593',to_date('30/06/23','DD/MM/RR'),'11','11124678-3');
INSERT INTO reserva VALUES ('1765','340331',to_date('30/06/23','DD/MM/RR'),'11','11245678-5');
INSERT INTO reserva VALUES ('1866','340549',to_date('30/06/23','DD/MM/RR'),'7','10456789-4');
INSERT INTO reserva VALUES ('1912','340056',to_date('01/07/23','DD/MM/RR'),'9','7812354-2');
INSERT INTO reserva VALUES ('1935','340655',to_date('02/07/23','DD/MM/RR'),'6','11124678-3');
INSERT INTO reserva VALUES ('1748','340559',to_date('03/07/23','DD/MM/RR'),'12','5446780-0');
INSERT INTO reserva VALUES ('1952','340602',to_date('03/07/23','DD/MM/RR'),'5','7812354-2');
INSERT INTO reserva VALUES ('1787','340432',to_date('04/07/23','DD/MM/RR'),'10','5446780-0');
INSERT INTO reserva VALUES ('2008','340195',to_date('04/07/23','DD/MM/RR'),'7','9789456-3');
INSERT INTO reserva VALUES ('1717','340119',to_date('05/07/23','DD/MM/RR'),'7','7812354-2');
INSERT INTO reserva VALUES ('1877','340455',to_date('05/07/23','DD/MM/RR'),'5','13746912-9');
INSERT INTO reserva VALUES ('1713','340641',to_date('06/07/23','DD/MM/RR'),'8','6245678-1');
INSERT INTO reserva VALUES ('1811','340335',to_date('06/07/23','DD/MM/RR'),'7','7812354-2');
INSERT INTO reserva VALUES ('1927','340129',to_date('06/07/23','DD/MM/RR'),'7','9789456-3');
INSERT INTO reserva VALUES ('1687','340577',to_date('07/07/23','DD/MM/RR'),'9','10456789-4');
INSERT INTO reserva VALUES ('1836','340563',to_date('07/07/23','DD/MM/RR'),'11','9912478-3');
INSERT INTO reserva VALUES ('1833','340597',to_date('08/07/23','DD/MM/RR'),'10','10456789-4');
INSERT INTO reserva VALUES ('1907','340256',to_date('09/07/23','DD/MM/RR'),'6','5446780-0');
INSERT INTO reserva VALUES ('1790','340096',to_date('10/07/23','DD/MM/RR'),'11','8125781-8');
INSERT INTO reserva VALUES ('1985','340456',to_date('12/07/23','DD/MM/RR'),'5','11245678-5');
INSERT INTO reserva VALUES ('1730','340457',to_date('13/07/23','DD/MM/RR'),'12','9912478-3');
INSERT INTO reserva VALUES ('1894','340143',to_date('14/07/23','DD/MM/RR'),'4','9789456-3');
INSERT INTO reserva VALUES ('1845','340687',to_date('15/07/23','DD/MM/RR'),'5','10125945-7');
INSERT INTO reserva VALUES ('1666','340303',to_date('19/07/23','DD/MM/RR'),'5','6467708-6');
INSERT INTO reserva VALUES ('1815','340686',to_date('20/07/23','DD/MM/RR'),'7','10712354-2');
INSERT INTO reserva VALUES ('1926','340337',to_date('20/07/23','DD/MM/RR'),'11','6467708-6');
INSERT INTO reserva VALUES ('1659','340396',to_date('21/07/23','DD/MM/RR'),'11','5446780-0');
INSERT INTO reserva VALUES ('1821','340093',to_date('21/07/23','DD/MM/RR'),'11','6245678-1');
INSERT INTO reserva VALUES ('1752','340225',to_date('22/07/23','DD/MM/RR'),'11','8125781-8');
INSERT INTO reserva VALUES ('1872','340578',to_date('22/07/23','DD/MM/RR'),'5','9912478-3');
INSERT INTO reserva VALUES ('1901','340677',to_date('23/07/23','DD/MM/RR'),'9','7812354-2');
INSERT INTO reserva VALUES ('1702','340671',to_date('24/07/23','DD/MM/RR'),'7','9912478-3');
INSERT INTO reserva VALUES ('1925','340376',to_date('24/07/23','DD/MM/RR'),'7','8125781-8');
INSERT INTO reserva VALUES ('1707','340143',to_date('25/07/23','DD/MM/RR'),'10','10125945-7');
INSERT INTO reserva VALUES ('1829','340657',to_date('26/07/23','DD/MM/RR'),'4','10712354-2');
INSERT INTO reserva VALUES ('1774','340459',to_date('27/07/23','DD/MM/RR'),'10','5446780-0');
INSERT INTO reserva VALUES ('1814','340019',to_date('09/08/23','DD/MM/RR'),'9','10125945-7');
INSERT INTO reserva VALUES ('1956','340273',to_date('29/07/23','DD/MM/RR'),'6','11124678-3');
INSERT INTO reserva VALUES ('1714','340350',to_date('01/08/23','DD/MM/RR'),'12','9789456-3');
INSERT INTO reserva VALUES ('1826','340263',to_date('01/08/23','DD/MM/RR'),'8','11245678-5');
INSERT INTO reserva VALUES ('1680','340171',to_date('02/08/23','DD/MM/RR'),'9','8125781-8');
INSERT INTO reserva VALUES ('2007','340539',to_date('02/08/23','DD/MM/RR'),'11','9912478-3');
INSERT INTO reserva VALUES ('1807','340151',to_date('04/08/23','DD/MM/RR'),'6','6467708-6');
INSERT INTO reserva VALUES ('1983','340472',to_date('04/08/23','DD/MM/RR'),'14','10712354-2');
INSERT INTO reserva VALUES ('1767','340609',to_date('05/08/23','DD/MM/RR'),'10','12456778-1');
INSERT INTO reserva VALUES ('1990','340542',to_date('05/08/23','DD/MM/RR'),'13','8125781-8');
INSERT INTO reserva VALUES ('1830','340494',to_date('06/08/23','DD/MM/RR'),'12','10456789-4');
INSERT INTO reserva VALUES ('1881','340604',to_date('06/07/23','DD/MM/RR'),'12','7812354-2');
INSERT INTO reserva VALUES ('2004','340282',to_date('08/07/23','DD/MM/RR'),'10','7812354-2');
INSERT INTO reserva VALUES ('1779','340278',to_date('09/08/23','DD/MM/RR'),'9','7812354-2');
INSERT INTO reserva VALUES ('1653','340015',to_date('10/08/23','DD/MM/RR'),'9','6467708-6');
INSERT INTO reserva VALUES ('1698','340287',to_date('10/08/23','DD/MM/RR'),'8','5446780-0');
INSERT INTO reserva VALUES ('1736','340535',to_date('10/10/23','DD/MM/RR'),'8','9789456-3');
INSERT INTO reserva VALUES ('1669','340644',to_date('11/08/23','DD/MM/RR'),'7','10712354-2');
INSERT INTO reserva VALUES ('1905','340535',to_date('11/09/23','DD/MM/RR'),'7','14456789-4');
INSERT INTO reserva VALUES ('1988','340579',to_date('11/08/23','DD/MM/RR'),'10','14456789-4');
INSERT INTO reserva VALUES ('1946','340083',to_date('12/08/23','DD/MM/RR'),'10','12456778-1');
INSERT INTO reserva VALUES ('1664','340045',to_date('13/08/23','DD/MM/RR'),'5','6467708-6');
INSERT INTO reserva VALUES ('1878','340016',to_date('13/08/23','DD/MM/RR'),'9','14456789-4');
INSERT INTO reserva VALUES ('1969','340108',to_date('13/08/23','DD/MM/RR'),'10','10456789-4');
INSERT INTO reserva VALUES ('1984','340064',to_date('14/08/23','DD/MM/RR'),'5','10456789-4');
INSERT INTO reserva VALUES ('1697','340361',to_date('16/08/23','DD/MM/RR'),'5','5446780-0');
INSERT INTO reserva VALUES ('1648','340405',to_date('17/08/23','DD/MM/RR'),'5','10125945-7');
INSERT INTO reserva VALUES ('1997','340211',to_date('17/08/23','DD/MM/RR'),'9','6467708-6');
INSERT INTO reserva VALUES ('1751','340373',to_date('19/08/23','DD/MM/RR'),'7','10712354-2');
INSERT INTO reserva VALUES ('1961','340303',to_date('19/08/23','DD/MM/RR'),'8','5446780-0');
INSERT INTO reserva VALUES ('1695','340031',to_date('20/08/23','DD/MM/RR'),'4','13746912-9');
INSERT INTO reserva VALUES ('1690','340264',to_date('21/08/23','DD/MM/RR'),'6','10712354-2');
INSERT INTO reserva VALUES ('1762','340384',to_date('21/08/23','DD/MM/RR'),'5','7812354-2');
INSERT INTO reserva VALUES ('1903','340569',to_date('21/08/23','DD/MM/RR'),'7','6467708-6');
INSERT INTO reserva VALUES ('1962','340693',to_date('21/08/23','DD/MM/RR'),'8','7812354-2');
INSERT INTO reserva VALUES ('1824','340222',to_date('22/08/23','DD/MM/RR'),'9','9789456-3');
INSERT INTO reserva VALUES ('1818','340124',to_date('24/08/23','DD/MM/RR'),'10','6245678-1');
INSERT INTO reserva VALUES ('1679','340517',to_date('26/08/23','DD/MM/RR'),'4','10712354-2');
INSERT INTO reserva VALUES ('1728','340216',to_date('26/08/23','DD/MM/RR'),'7','11124678-3');
INSERT INTO reserva VALUES ('1834','340461',to_date('26/08/23','DD/MM/RR'),'9','13746912-9');
INSERT INTO reserva VALUES ('1633','340202',to_date('27/08/23','DD/MM/RR'),'6','7812354-2');
INSERT INTO reserva VALUES ('1966','340518',to_date('27/08/23','DD/MM/RR'),'10','10456789-4');
INSERT INTO reserva VALUES ('1939','340487',to_date('28/08/23','DD/MM/RR'),'6','11245678-5');
INSERT INTO reserva VALUES ('1996','340158',to_date('28/08/23','DD/MM/RR'),'9','7812354-2');
INSERT INTO reserva VALUES ('1899','340243',to_date('29/08/23','DD/MM/RR'),'11','14456789-4');
INSERT INTO reserva VALUES ('1674','340698',to_date('30/08/23','DD/MM/RR'),'6','10456789-4');
INSERT INTO reserva VALUES ('1686','340545',to_date('30/08/23','DD/MM/RR'),'4','14456789-4');
INSERT INTO reserva VALUES ('1689','340598',to_date('30/08/23','DD/MM/RR'),'4','10125945-7');
INSERT INTO reserva VALUES ('1681','340018',to_date('02/09/23','DD/MM/RR'),'11','6245678-1');
INSERT INTO reserva VALUES ('1868','340262',to_date('02/09/23','DD/MM/RR'),'6','10812874-0');
INSERT INTO reserva VALUES ('1910','340494',to_date('02/09/23','DD/MM/RR'),'6','7812354-2');
INSERT INTO reserva VALUES ('1812','340137',to_date('03/09/23','DD/MM/RR'),'5','14456789-4');
INSERT INTO reserva VALUES ('1858','340152',to_date('03/09/23','DD/MM/RR'),'9','10812874-0');
INSERT INTO reserva VALUES ('1882','340084',to_date('03/09/23','DD/MM/RR'),'8','10456789-4');
INSERT INTO reserva VALUES ('1884','340117',to_date('03/09/23','DD/MM/RR'),'8','10712354-2');
INSERT INTO reserva VALUES ('1883','340390',to_date('04/09/23','DD/MM/RR'),'11','6467708-6');
INSERT INTO reserva VALUES ('1842','340186',to_date('05/09/23','DD/MM/RR'),'12','14456789-4');
INSERT INTO reserva VALUES ('1827','340496',to_date('06/09/23','DD/MM/RR'),'9','10712354-2');
INSERT INTO reserva VALUES ('1849','340006',to_date('06/09/23','DD/MM/RR'),'6','10456789-4');
INSERT INTO reserva VALUES ('1976','340013',to_date('06/09/23','DD/MM/RR'),'11','14456789-4');
INSERT INTO reserva VALUES ('1725','340262',to_date('07/09/23','DD/MM/RR'),'11','9789456-3');
INSERT INTO reserva VALUES ('1761','340267',to_date('07/09/23','DD/MM/RR'),'8','14456789-4');
INSERT INTO reserva VALUES ('1998','340557',to_date('07/09/23','DD/MM/RR'),'7','5446780-0');
INSERT INTO reserva VALUES ('1649','340198',to_date('08/09/23','DD/MM/RR'),'7','6467708-6');
INSERT INTO reserva VALUES ('1783','340510',to_date('08/09/23','DD/MM/RR'),'8','9912478-3');
INSERT INTO reserva VALUES ('1875','340034',to_date('09/09/23','DD/MM/RR'),'6','10712354-2');
INSERT INTO reserva VALUES ('1745','340490',to_date('10/09/23','DD/MM/RR'),'5','6245678-1');
INSERT INTO reserva VALUES ('1934','340048',to_date('10/09/23','DD/MM/RR'),'9','6467708-6');
INSERT INTO reserva VALUES ('1704','340451',to_date('13/09/23','DD/MM/RR'),'6','6467708-6');
INSERT INTO reserva VALUES ('1893','340500',to_date('14/09/23','DD/MM/RR'),'9','10712354-2');
INSERT INTO reserva VALUES ('1847','340581',to_date('15/09/23','DD/MM/RR'),'4','8125781-8');
INSERT INTO reserva VALUES ('1735','340181',to_date('17/09/23','DD/MM/RR'),'10','10812874-0');
INSERT INTO reserva VALUES ('1945','340570',to_date('17/09/23','DD/MM/RR'),'8','6245678-1');
INSERT INTO reserva VALUES ('1967','340536',to_date('17/09/23','DD/MM/RR'),'4','5446780-0');
INSERT INTO reserva VALUES ('1706','340697',to_date('18/09/23','DD/MM/RR'),'4','11124678-3');
INSERT INTO reserva VALUES ('1781','340138',to_date('18/09/23','DD/MM/RR'),'11','9912478-3');
INSERT INTO reserva VALUES ('1822','340686',to_date('18/09/23','DD/MM/RR'),'12','11245678-5');
INSERT INTO reserva VALUES ('1954','340117',to_date('20/09/23','DD/MM/RR'),'11','13746912-9');
INSERT INTO reserva VALUES ('1766','340043',to_date('21/09/23','DD/MM/RR'),'6','7812354-2');
INSERT INTO reserva VALUES ('1808','340489',to_date('22/09/23','DD/MM/RR'),'8','9912478-3');
INSERT INTO reserva VALUES ('1851','340006',to_date('22/09/23','DD/MM/RR'),'12','12456778-1');
INSERT INTO reserva VALUES ('1929','340363',to_date('22/09/23','DD/MM/RR'),'10','10125945-7');
INSERT INTO reserva VALUES ('1975','340520',to_date('23/09/23','DD/MM/RR'),'5','9912478-3');
INSERT INTO reserva VALUES ('1992','340248',to_date('23/09/23','DD/MM/RR'),'10','10812874-0');
INSERT INTO reserva VALUES ('1636','340694',to_date('25/09/23','DD/MM/RR'),'8','11124678-3');
INSERT INTO reserva VALUES ('1773','340005',to_date('25/09/23','DD/MM/RR'),'10','9912478-3');
INSERT INTO reserva VALUES ('1886','340389',to_date('25/09/23','DD/MM/RR'),'9','11245678-5');
INSERT INTO reserva VALUES ('1855','340346',to_date('26/09/23','DD/MM/RR'),'6','12456778-1');
INSERT INTO reserva VALUES ('1947','340685',to_date('26/09/23','DD/MM/RR'),'8','7812354-2');
INSERT INTO reserva VALUES ('1696','340251',to_date('27/09/23','DD/MM/RR'),'6','7812354-2');
INSERT INTO reserva VALUES ('1693','340281',to_date('28/09/23','DD/MM/RR'),'10','5446780-0');
INSERT INTO reserva VALUES ('1780','340235',to_date('28/09/23','DD/MM/RR'),'8','6467708-6');
INSERT INTO reserva VALUES ('1540','340616',to_date('27/03/22','DD/MM/RR'),'8','7812354-2');
INSERT INTO reserva VALUES ('1159','340228',to_date('28/03/22','DD/MM/RR'),'6','7812354-2');
INSERT INTO reserva VALUES ('1452','340281',to_date('29/03/22','DD/MM/RR'),'12','10712354-2');
INSERT INTO reserva VALUES ('1113','340009',to_date('30/03/22','DD/MM/RR'),'9','12456778-1');
INSERT INTO reserva VALUES ('1377','340603',to_date('30/03/22','DD/MM/RR'),'6','11245678-5');
INSERT INTO reserva VALUES ('1407','340060',to_date('30/03/22','DD/MM/RR'),'9','10125945-7');
INSERT INTO reserva VALUES ('881','340378',to_date('31/03/22','DD/MM/RR'),'10','14456789-4');
INSERT INTO reserva VALUES ('1130','340323',to_date('31/03/22','DD/MM/RR'),'7','11124678-3');
INSERT INTO reserva VALUES ('880','340064',to_date('01/04/22','DD/MM/RR'),'5','6467708-6');
INSERT INTO reserva VALUES ('1206','340636',to_date('01/04/22','DD/MM/RR'),'11','7812354-2');
INSERT INTO reserva VALUES ('1261','340271',to_date('01/04/22','DD/MM/RR'),'5','14456789-4');
INSERT INTO reserva VALUES ('1476','340440',to_date('01/04/22','DD/MM/RR'),'8','9789456-3');
INSERT INTO reserva VALUES ('1370','340006',to_date('02/04/22','DD/MM/RR'),'4','9789456-3');
INSERT INTO reserva VALUES ('1510','340658',to_date('03/04/22','DD/MM/RR'),'10','11245678-5');
INSERT INTO reserva VALUES ('1262','340646',to_date('04/04/22','DD/MM/RR'),'9','10812874-0');
INSERT INTO reserva VALUES ('1169','340147',to_date('05/04/22','DD/MM/RR'),'8','14456789-4');
INSERT INTO reserva VALUES ('1170','340661',to_date('05/04/22','DD/MM/RR'),'12','10812874-0');
INSERT INTO reserva VALUES ('1386','340282',to_date('05/04/22','DD/MM/RR'),'6','6245678-1');
INSERT INTO reserva VALUES ('1478','340160',to_date('05/04/22','DD/MM/RR'),'10','10125945-7');
INSERT INTO reserva VALUES ('995','340261',to_date('06/04/22','DD/MM/RR'),'12','11124678-3');
INSERT INTO reserva VALUES ('1265','340087',to_date('07/04/22','DD/MM/RR'),'5','10712354-2');
INSERT INTO reserva VALUES ('1216','340673',to_date('08/04/22','DD/MM/RR'),'9','6245678-1');
INSERT INTO reserva VALUES ('1041','340484',to_date('09/04/22','DD/MM/RR'),'4','11124678-3');
INSERT INTO reserva VALUES ('1121','340320',to_date('09/04/22','DD/MM/RR'),'4','9912478-3');
INSERT INTO reserva VALUES ('1110','340657',to_date('11/04/22','DD/MM/RR'),'7','12456778-1');
INSERT INTO reserva VALUES ('1330','340036',to_date('11/04/22','DD/MM/RR'),'7','5446780-0');
INSERT INTO reserva VALUES ('1507','340588',to_date('11/04/22','DD/MM/RR'),'9','13746912-9');
INSERT INTO reserva VALUES ('869','340625',to_date('12/04/22','DD/MM/RR'),'12','11245678-5');
INSERT INTO reserva VALUES ('1184','340069',to_date('12/04/22','DD/MM/RR'),'6','10456789-4');
INSERT INTO reserva VALUES ('1246','340149',to_date('12/04/22','DD/MM/RR'),'8','10125945-7');
INSERT INTO reserva VALUES ('981','340183',to_date('14/04/22','DD/MM/RR'),'10','10712354-2');
INSERT INTO reserva VALUES ('1063','340416',to_date('14/04/22','DD/MM/RR'),'10','7812354-2');
INSERT INTO reserva VALUES ('1341','340442',to_date('14/04/22','DD/MM/RR'),'8','5446780-0');
INSERT INTO reserva VALUES ('1556','340633',to_date('14/04/22','DD/MM/RR'),'11','10712354-2');
INSERT INTO reserva VALUES ('958','340170',to_date('15/04/22','DD/MM/RR'),'6','6245678-1');
INSERT INTO reserva VALUES ('1021','340376',to_date('15/04/22','DD/MM/RR'),'4','11245678-5');
INSERT INTO reserva VALUES ('1502','340440',to_date('15/04/22','DD/MM/RR'),'4','14456789-4');
INSERT INTO reserva VALUES ('1587','340039',to_date('15/04/22','DD/MM/RR'),'8','10456789-4');
INSERT INTO reserva VALUES ('1333','340577',to_date('16/04/22','DD/MM/RR'),'11','10125945-7');
INSERT INTO reserva VALUES ('1541','340287',to_date('16/04/22','DD/MM/RR'),'11','10812874-0');
INSERT INTO reserva VALUES ('1092','340262',to_date('17/04/22','DD/MM/RR'),'4','10456789-4');
INSERT INTO reserva VALUES ('867','340343',to_date('18/04/22','DD/MM/RR'),'10','5446780-0');
INSERT INTO reserva VALUES ('952','340131',to_date('18/04/22','DD/MM/RR'),'5','8125781-8');
INSERT INTO reserva VALUES ('998','340650',to_date('18/04/22','DD/MM/RR'),'5','10812874-0');
INSERT INTO reserva VALUES ('1236','340089',to_date('19/04/22','DD/MM/RR'),'7','8125781-8');
INSERT INTO reserva VALUES ('1241','340622',to_date('19/04/22','DD/MM/RR'),'4','9789456-3');
INSERT INTO reserva VALUES ('1227','340157',to_date('20/04/22','DD/MM/RR'),'12','10712354-2');
INSERT INTO reserva VALUES ('1348','340545',to_date('20/04/22','DD/MM/RR'),'12','8125781-8');
INSERT INTO reserva VALUES ('1439','340413',to_date('20/04/22','DD/MM/RR'),'10','7812354-2');
INSERT INTO reserva VALUES ('893','340166',to_date('22/04/22','DD/MM/RR'),'12','14456789-4');
INSERT INTO reserva VALUES ('1321','340368',to_date('22/04/22','DD/MM/RR'),'12','14456789-4');
INSERT INTO reserva VALUES ('1070','340291',to_date('23/04/22','DD/MM/RR'),'7','10812874-0');
INSERT INTO reserva VALUES ('1421','340052',to_date('23/04/22','DD/MM/RR'),'10','10712354-2');
INSERT INTO reserva VALUES ('1508','340131',to_date('23/04/22','DD/MM/RR'),'9','11124678-3');
INSERT INTO reserva VALUES ('1008','340293',to_date('24/04/22','DD/MM/RR'),'11','6467708-6');
INSERT INTO reserva VALUES ('1168','340148',to_date('24/04/22','DD/MM/RR'),'4','6467708-6');
INSERT INTO reserva VALUES ('1346','340007',to_date('24/04/22','DD/MM/RR'),'11','13746912-9');
INSERT INTO reserva VALUES ('1482','340547',to_date('24/04/22','DD/MM/RR'),'7','12456778-1');
INSERT INTO reserva VALUES ('876','340444',to_date('26/04/22','DD/MM/RR'),'5','11124678-3');
INSERT INTO reserva VALUES ('1137','340405',to_date('26/04/22','DD/MM/RR'),'9','10712354-2');
INSERT INTO reserva VALUES ('1264','340098',to_date('26/04/22','DD/MM/RR'),'10','10125945-7');
INSERT INTO reserva VALUES ('1358','340430',to_date('26/04/22','DD/MM/RR'),'6','6467708-6');
INSERT INTO reserva VALUES ('1405','340292',to_date('26/04/22','DD/MM/RR'),'4','5446780-0');
INSERT INTO reserva VALUES ('899','340284',to_date('27/04/22','DD/MM/RR'),'10','11245678-5');
INSERT INTO reserva VALUES ('1323','340290',to_date('27/04/22','DD/MM/RR'),'10','10812874-0');
INSERT INTO reserva VALUES ('1581','340450',to_date('27/04/22','DD/MM/RR'),'6','12456778-1');
INSERT INTO reserva VALUES ('1260','340123',to_date('28/04/22','DD/MM/RR'),'9','8125781-8');
INSERT INTO reserva VALUES ('1056','340323',to_date('29/04/22','DD/MM/RR'),'5','6245678-1');
INSERT INTO reserva VALUES ('1066','340016',to_date('29/04/22','DD/MM/RR'),'10','10125945-7');
INSERT INTO reserva VALUES ('891','340444',to_date('30/04/22','DD/MM/RR'),'11','6467708-6');
INSERT INTO reserva VALUES ('934','340668',to_date('30/04/22','DD/MM/RR'),'11','5446780-0');
INSERT INTO reserva VALUES ('988','340663',to_date('30/04/22','DD/MM/RR'),'8','14456789-4');
INSERT INTO reserva VALUES ('1253','340678',to_date('30/04/22','DD/MM/RR'),'5','10712354-2');
INSERT INTO reserva VALUES ('1493','340333',to_date('30/04/22','DD/MM/RR'),'11','8125781-8');
INSERT INTO reserva VALUES ('1543','340632',to_date('30/04/22','DD/MM/RR'),'4','9789456-3');
INSERT INTO reserva VALUES ('935','340179',to_date('01/05/22','DD/MM/RR'),'12','11124678-3');
INSERT INTO reserva VALUES ('1529','340109',to_date('01/05/22','DD/MM/RR'),'5','10712354-2');
INSERT INTO reserva VALUES ('1222','340399',to_date('04/05/22','DD/MM/RR'),'11','9789456-3');
INSERT INTO reserva VALUES ('1531','340152',to_date('04/05/22','DD/MM/RR'),'9','10812874-0');
INSERT INTO reserva VALUES ('1325','340426',to_date('06/05/22','DD/MM/RR'),'4','8125781-8');
INSERT INTO reserva VALUES ('1396','340174',to_date('06/05/22','DD/MM/RR'),'8','8125781-8');
INSERT INTO reserva VALUES ('1414','340487',to_date('06/05/22','DD/MM/RR'),'6','6467708-6');
INSERT INTO reserva VALUES ('903','340249',to_date('07/05/22','DD/MM/RR'),'10','6245678-1');
INSERT INTO reserva VALUES ('1005','340430',to_date('08/05/22','DD/MM/RR'),'11','6245678-1');
INSERT INTO reserva VALUES ('1036','340014',to_date('08/05/22','DD/MM/RR'),'6','11124678-3');
INSERT INTO reserva VALUES ('1343','340398',to_date('08/05/22','DD/MM/RR'),'8','5446780-0');
INSERT INTO reserva VALUES ('1406','340654',to_date('08/05/22','DD/MM/RR'),'7','11245678-5');
INSERT INTO reserva VALUES ('1624','340393',to_date('08/05/22','DD/MM/RR'),'5','11124678-3');
INSERT INTO reserva VALUES ('1336','340526',to_date('09/05/22','DD/MM/RR'),'7','7812354-2');
INSERT INTO reserva VALUES ('954','340339',to_date('10/05/22','DD/MM/RR'),'4','10125945-7');
INSERT INTO reserva VALUES ('1612','340397',to_date('10/05/22','DD/MM/RR'),'5','9789456-3');
INSERT INTO reserva VALUES ('1069','340461',to_date('11/05/22','DD/MM/RR'),'7','9789456-3');
INSERT INTO reserva VALUES ('1166','340015',to_date('11/05/22','DD/MM/RR'),'12','5446780-0');
INSERT INTO reserva VALUES ('1213','340074',to_date('11/05/22','DD/MM/RR'),'11','6245678-1');
INSERT INTO reserva VALUES ('1042','340099',to_date('12/05/22','DD/MM/RR'),'7','7812354-2');
INSERT INTO reserva VALUES ('1071','340397',to_date('12/05/22','DD/MM/RR'),'9','8125781-8');
INSERT INTO reserva VALUES ('1468','340236',to_date('12/05/22','DD/MM/RR'),'5','6467708-6');
INSERT INTO reserva VALUES ('1096','340327',to_date('13/05/22','DD/MM/RR'),'9','8125781-8');
INSERT INTO reserva VALUES ('1375','340506',to_date('14/05/22','DD/MM/RR'),'5','8125781-8');
INSERT INTO reserva VALUES ('1523','340537',to_date('14/05/22','DD/MM/RR'),'6','6245678-1');
INSERT INTO reserva VALUES ('1094','340112',to_date('15/05/22','DD/MM/RR'),'7','10812874-0');
INSERT INTO reserva VALUES ('1212','340286',to_date('15/05/22','DD/MM/RR'),'9','6245678-1');
INSERT INTO reserva VALUES ('1267','340476',to_date('15/05/22','DD/MM/RR'),'6','11245678-5');
INSERT INTO reserva VALUES ('1309','340157',to_date('15/05/22','DD/MM/RR'),'7','11124678-3');
INSERT INTO reserva VALUES ('1352','340651',to_date('15/05/22','DD/MM/RR'),'11','5446780-0');
INSERT INTO reserva VALUES ('1381','340021',to_date('15/05/22','DD/MM/RR'),'4','10812874-0');
INSERT INTO reserva VALUES ('1579','340108',to_date('15/05/22','DD/MM/RR'),'5','7812354-2');
INSERT INTO reserva VALUES ('1552','340129',to_date('16/05/22','DD/MM/RR'),'7','11245678-5');
INSERT INTO reserva VALUES ('1445','340288',to_date('17/05/22','DD/MM/RR'),'7','6467708-6');
INSERT INTO reserva VALUES ('1517','340498',to_date('17/05/22','DD/MM/RR'),'12','6245678-1');
INSERT INTO reserva VALUES ('1582','340037',to_date('17/05/22','DD/MM/RR'),'10','6467708-6');
INSERT INTO reserva VALUES ('1486','340700',to_date('18/05/22','DD/MM/RR'),'11','9789456-3');
INSERT INTO reserva VALUES ('1014','340390',to_date('21/05/22','DD/MM/RR'),'11','11245678-5');
INSERT INTO reserva VALUES ('1022','340566',to_date('21/05/22','DD/MM/RR'),'4','8125781-8');
INSERT INTO reserva VALUES ('1422','340249',to_date('21/05/22','DD/MM/RR'),'6','9789456-3');
INSERT INTO reserva VALUES ('897','340218',to_date('24/05/22','DD/MM/RR'),'9','8125781-8');
INSERT INTO reserva VALUES ('1211','340227',to_date('24/05/22','DD/MM/RR'),'8','12456778-1');
INSERT INTO reserva VALUES ('1058','340006',to_date('25/05/22','DD/MM/RR'),'6','11245678-5');
INSERT INTO reserva VALUES ('1240','340472',to_date('25/05/22','DD/MM/RR'),'5','7812354-2');
INSERT INTO reserva VALUES ('929','340194',to_date('26/05/22','DD/MM/RR'),'6','8125781-8');
INSERT INTO reserva VALUES ('1025','340514',to_date('26/05/22','DD/MM/RR'),'8','13746912-9');
INSERT INTO reserva VALUES ('1479','340446',to_date('26/05/22','DD/MM/RR'),'4','10812874-0');
INSERT INTO reserva VALUES ('1576','340352',to_date('27/05/22','DD/MM/RR'),'4','12456778-1');
INSERT INTO reserva VALUES ('1002','340016',to_date('28/05/22','DD/MM/RR'),'10','9789456-3');
INSERT INTO reserva VALUES ('865','340489',to_date('30/05/22','DD/MM/RR'),'6','10456789-4');
INSERT INTO reserva VALUES ('1340','340211',to_date('31/05/22','DD/MM/RR'),'10','13746912-9');
INSERT INTO reserva VALUES ('1237','340151',to_date('01/06/22','DD/MM/RR'),'11','7812354-2');
INSERT INTO reserva VALUES ('1329','340623',to_date('01/06/22','DD/MM/RR'),'8','13746912-9');
INSERT INTO reserva VALUES ('1074','340076',to_date('03/06/22','DD/MM/RR'),'10','10712354-2');
INSERT INTO reserva VALUES ('1602','340598',to_date('03/06/22','DD/MM/RR'),'10','9912478-3');
INSERT INTO reserva VALUES ('1575','340024',to_date('05/06/22','DD/MM/RR'),'8','5446780-0');
INSERT INTO reserva VALUES ('1344','340446',to_date('06/06/22','DD/MM/RR'),'5','10712354-2');
INSERT INTO reserva VALUES ('1536','340661',to_date('06/06/22','DD/MM/RR'),'10','12456778-1');
INSERT INTO reserva VALUES ('1444','340157',to_date('07/06/22','DD/MM/RR'),'11','6245678-1');
INSERT INTO reserva VALUES ('1546','340521',to_date('07/06/22','DD/MM/RR'),'7','10712354-2');
INSERT INTO reserva VALUES ('1590','340215',to_date('07/06/22','DD/MM/RR'),'11','14456789-4');
INSERT INTO reserva VALUES ('991','340036',to_date('08/06/22','DD/MM/RR'),'8','13746912-9');
INSERT INTO reserva VALUES ('1195','340187',to_date('08/06/22','DD/MM/RR'),'6','14456789-4');
INSERT INTO reserva VALUES ('1601','340591',to_date('08/06/22','DD/MM/RR'),'5','7812354-2');
INSERT INTO reserva VALUES ('879','340405',to_date('09/06/22','DD/MM/RR'),'9','6467708-6');
INSERT INTO reserva VALUES ('1425','340179',to_date('09/06/22','DD/MM/RR'),'6','8125781-8');
INSERT INTO reserva VALUES ('1623','340594',to_date('09/06/22','DD/MM/RR'),'6','10125945-7');
INSERT INTO reserva VALUES ('1303','340143',to_date('10/06/22','DD/MM/RR'),'6','10125945-7');
INSERT INTO reserva VALUES ('1474','340024',to_date('10/06/22','DD/MM/RR'),'5','6245678-1');
INSERT INTO reserva VALUES ('1401','340142',to_date('11/06/22','DD/MM/RR'),'12','10125945-7');
INSERT INTO reserva VALUES ('902','340544',to_date('12/06/22','DD/MM/RR'),'7','10712354-2');
INSERT INTO reserva VALUES ('1217','340222',to_date('12/06/22','DD/MM/RR'),'11','5446780-0');
INSERT INTO reserva VALUES ('1252','340205',to_date('13/06/22','DD/MM/RR'),'8','7812354-2');
INSERT INTO reserva VALUES ('1255','340607',to_date('13/06/22','DD/MM/RR'),'9','10812874-0');
INSERT INTO reserva VALUES ('862','340658',to_date('14/06/22','DD/MM/RR'),'9','10812874-0');
INSERT INTO reserva VALUES ('1132','340143',to_date('14/06/22','DD/MM/RR'),'8','10812874-0');
INSERT INTO reserva VALUES ('1077','340133',to_date('15/06/22','DD/MM/RR'),'8','6467708-6');
INSERT INTO reserva VALUES ('1437','340080',to_date('15/06/22','DD/MM/RR'),'8','7812354-2');
INSERT INTO reserva VALUES ('957','340450',to_date('16/06/22','DD/MM/RR'),'10','12456778-1');
INSERT INTO reserva VALUES ('1049','340159',to_date('16/06/22','DD/MM/RR'),'12','10712354-2');
INSERT INTO reserva VALUES ('1293','340307',to_date('16/06/22','DD/MM/RR'),'5','11124678-3');
INSERT INTO reserva VALUES ('1350','340674',to_date('16/06/22','DD/MM/RR'),'10','11245678-5');
INSERT INTO reserva VALUES ('941','340196',to_date('17/06/22','DD/MM/RR'),'4','12456778-1');
INSERT INTO reserva VALUES ('1068','340332',to_date('17/06/22','DD/MM/RR'),'7','11245678-5');
INSERT INTO reserva VALUES ('1553','340498',to_date('17/06/22','DD/MM/RR'),'4','9912478-3');
INSERT INTO reserva VALUES ('906','340302',to_date('18/06/22','DD/MM/RR'),'6','6245678-1');
INSERT INTO reserva VALUES ('959','340014',to_date('18/06/22','DD/MM/RR'),'10','9789456-3');
INSERT INTO reserva VALUES ('1490','340532',to_date('18/06/22','DD/MM/RR'),'5','6467708-6');
INSERT INTO reserva VALUES ('1506','340045',to_date('19/06/22','DD/MM/RR'),'5','13746912-9');
INSERT INTO reserva VALUES ('1126','340451',to_date('20/06/22','DD/MM/RR'),'12','10125945-7');
INSERT INTO reserva VALUES ('1290','340290',to_date('20/06/22','DD/MM/RR'),'8','9912478-3');
INSERT INTO reserva VALUES ('916','340182',to_date('21/06/22','DD/MM/RR'),'5','10812874-0');
INSERT INTO reserva VALUES ('1533','340539',to_date('21/06/22','DD/MM/RR'),'5','13746912-9');
INSERT INTO reserva VALUES ('909','340303',to_date('22/06/22','DD/MM/RR'),'8','7812354-2');
INSERT INTO reserva VALUES ('987','340321',to_date('22/06/22','DD/MM/RR'),'12','9789456-3');
INSERT INTO reserva VALUES ('1138','340216',to_date('22/06/22','DD/MM/RR'),'12','14456789-4');
INSERT INTO reserva VALUES ('1419','340418',to_date('22/06/22','DD/MM/RR'),'7','11245678-5');
INSERT INTO reserva VALUES ('1530','340646',to_date('22/06/22','DD/MM/RR'),'12','6467708-6');
INSERT INTO reserva VALUES ('1616','340213',to_date('22/06/22','DD/MM/RR'),'4','10456789-4');
INSERT INTO reserva VALUES ('1557','340422',to_date('23/06/22','DD/MM/RR'),'11','10812874-0');
INSERT INTO reserva VALUES ('915','340476',to_date('24/06/22','DD/MM/RR'),'12','11124678-3');
INSERT INTO reserva VALUES ('1143','340455',to_date('24/06/22','DD/MM/RR'),'5','6245678-1');
INSERT INTO reserva VALUES ('1149','340424',to_date('25/06/22','DD/MM/RR'),'9','5446780-0');
INSERT INTO reserva VALUES ('1563','340196',to_date('25/06/22','DD/MM/RR'),'12','5446780-0');
INSERT INTO reserva VALUES ('969','340299',to_date('26/06/22','DD/MM/RR'),'6','11245678-5');
INSERT INTO reserva VALUES ('936','340599',to_date('27/06/22','DD/MM/RR'),'6','14456789-4');
INSERT INTO reserva VALUES ('999','340267',to_date('27/06/22','DD/MM/RR'),'11','13746912-9');
INSERT INTO reserva VALUES ('878','340474',to_date('28/06/22','DD/MM/RR'),'5','10712354-2');
INSERT INTO reserva VALUES ('939','340153',to_date('28/06/22','DD/MM/RR'),'7','10712354-2');
INSERT INTO reserva VALUES ('1084','340696',to_date('29/06/22','DD/MM/RR'),'10','10125945-7');
INSERT INTO reserva VALUES ('904','340478',to_date('30/06/22','DD/MM/RR'),'5','12456778-1');
INSERT INTO reserva VALUES ('1140','340423',to_date('30/06/22','DD/MM/RR'),'4','8125781-8');
INSERT INTO reserva VALUES ('1306','340193',to_date('30/06/22','DD/MM/RR'),'12','10812874-0');
INSERT INTO reserva VALUES ('1519','340177',to_date('30/06/22','DD/MM/RR'),'12','8125781-8');
INSERT INTO reserva VALUES ('922','340572',to_date('01/07/22','DD/MM/RR'),'11','14456789-4');
INSERT INTO reserva VALUES ('1498','340659',to_date('03/07/22','DD/MM/RR'),'9','10812874-0');
INSERT INTO reserva VALUES ('1470','340335',to_date('04/07/22','DD/MM/RR'),'4','11124678-3');
INSERT INTO reserva VALUES ('963','340678',to_date('05/07/22','DD/MM/RR'),'6','14456789-4');
INSERT INTO reserva VALUES ('1431','340198',to_date('05/07/22','DD/MM/RR'),'6','7812354-2');
INSERT INTO reserva VALUES ('1467','340449',to_date('05/07/22','DD/MM/RR'),'5','10812874-0');
INSERT INTO reserva VALUES ('1050','340202',to_date('06/07/22','DD/MM/RR'),'4','10456789-4');
INSERT INTO reserva VALUES ('928','340214',to_date('07/07/22','DD/MM/RR'),'8','10456789-4');
INSERT INTO reserva VALUES ('1382','340694',to_date('07/07/22','DD/MM/RR'),'6','10456789-4');
INSERT INTO reserva VALUES ('980','340012',to_date('08/07/22','DD/MM/RR'),'8','9912478-3');
INSERT INTO reserva VALUES ('889','340301',to_date('09/07/22','DD/MM/RR'),'12','14456789-4');
INSERT INTO reserva VALUES ('1273','340248',to_date('09/07/22','DD/MM/RR'),'7','14456789-4');
INSERT INTO reserva VALUES ('1487','340574',to_date('09/07/22','DD/MM/RR'),'4','8125781-8');
INSERT INTO reserva VALUES ('1599','340129',to_date('09/07/22','DD/MM/RR'),'11','7812354-2');
INSERT INTO reserva VALUES ('1228','340020',to_date('10/07/22','DD/MM/RR'),'11','10456789-4');
INSERT INTO reserva VALUES ('1024','340268',to_date('12/07/22','DD/MM/RR'),'6','10712354-2');
INSERT INTO reserva VALUES ('1475','340212',to_date('12/07/22','DD/MM/RR'),'8','10125945-7');
INSERT INTO reserva VALUES ('1120','340334',to_date('13/07/22','DD/MM/RR'),'10','6245678-1');
INSERT INTO reserva VALUES ('1326','340491',to_date('15/07/22','DD/MM/RR'),'10','11245678-5');
INSERT INTO reserva VALUES ('1023','340540',to_date('16/07/22','DD/MM/RR'),'4','5446780-0');
INSERT INTO reserva VALUES ('1073','340352',to_date('16/07/22','DD/MM/RR'),'12','6467708-6');
INSERT INTO reserva VALUES ('1099','340086',to_date('16/07/22','DD/MM/RR'),'8','9789456-3');
INSERT INTO reserva VALUES ('1275','340054',to_date('16/07/22','DD/MM/RR'),'11','11124678-3');
INSERT INTO reserva VALUES ('1389','340086',to_date('16/07/22','DD/MM/RR'),'8','6245678-1');
INSERT INTO reserva VALUES ('982','340299',to_date('17/07/22','DD/MM/RR'),'5','10456789-4');
INSERT INTO reserva VALUES ('1012','340117',to_date('17/07/22','DD/MM/RR'),'5','10456789-4');
INSERT INTO reserva VALUES ('1436','340144',to_date('17/07/22','DD/MM/RR'),'7','7812354-2');
INSERT INTO reserva VALUES ('1176','340038',to_date('18/07/22','DD/MM/RR'),'4','13746912-9');
INSERT INTO reserva VALUES ('1045','340418',to_date('19/07/22','DD/MM/RR'),'4','5446780-0');
INSERT INTO reserva VALUES ('1118','340511',to_date('19/07/22','DD/MM/RR'),'5','5446780-0');
INSERT INTO reserva VALUES ('1141','340510',to_date('19/07/22','DD/MM/RR'),'7','10456789-4');
INSERT INTO reserva VALUES ('1175','340474',to_date('19/07/22','DD/MM/RR'),'5','6467708-6');
INSERT INTO reserva VALUES ('1297','340455',to_date('20/07/22','DD/MM/RR'),'12','8125781-8');
INSERT INTO reserva VALUES ('1106','340518',to_date('21/07/22','DD/MM/RR'),'6','9789456-3');
INSERT INTO reserva VALUES ('1059','340519',to_date('22/07/22','DD/MM/RR'),'12','6467708-6');
INSERT INTO reserva VALUES ('1269','340255',to_date('22/07/22','DD/MM/RR'),'12','10712354-2');
INSERT INTO reserva VALUES ('1489','340365',to_date('24/07/22','DD/MM/RR'),'8','10812874-0');
INSERT INTO reserva VALUES ('885','340534',to_date('25/07/22','DD/MM/RR'),'9','13746912-9');
INSERT INTO reserva VALUES ('951','340689',to_date('25/07/22','DD/MM/RR'),'5','7812354-2');
INSERT INTO reserva VALUES ('1294','340219',to_date('25/07/22','DD/MM/RR'),'10','6467708-6');
INSERT INTO reserva VALUES ('1562','340550',to_date('25/07/22','DD/MM/RR'),'4','10125945-7');
INSERT INTO reserva VALUES ('925','340617',to_date('26/07/22','DD/MM/RR'),'9','9789456-3');
INSERT INTO reserva VALUES ('1448','340515',to_date('26/07/22','DD/MM/RR'),'6','10812874-0');
INSERT INTO reserva VALUES ('1162','340017',to_date('27/07/22','DD/MM/RR'),'12','10125945-7');
INSERT INTO reserva VALUES ('1547','340538',to_date('27/07/22','DD/MM/RR'),'12','13746912-9');
INSERT INTO reserva VALUES ('1085','340442',to_date('28/07/22','DD/MM/RR'),'6','10125945-7');
INSERT INTO reserva VALUES ('1456','340028',to_date('28/07/22','DD/MM/RR'),'10','11245678-5');
INSERT INTO reserva VALUES ('871','340497',to_date('30/07/22','DD/MM/RR'),'9','5446780-0');
INSERT INTO reserva VALUES ('1115','340003',to_date('30/07/22','DD/MM/RR'),'4','8125781-8');
INSERT INTO reserva VALUES ('1416','340203',to_date('30/07/22','DD/MM/RR'),'11','9912478-3');
INSERT INTO reserva VALUES ('1450','340418',to_date('30/07/22','DD/MM/RR'),'4','14456789-4');
INSERT INTO reserva VALUES ('1592','340124',to_date('30/07/22','DD/MM/RR'),'6','10812874-0');
INSERT INTO reserva VALUES ('1595','340071',to_date('30/07/22','DD/MM/RR'),'11','10712354-2');
INSERT INTO reserva VALUES ('1035','340644',to_date('31/07/22','DD/MM/RR'),'7','9789456-3');
INSERT INTO reserva VALUES ('1111','340639',to_date('31/07/22','DD/MM/RR'),'10','10812874-0');
INSERT INTO reserva VALUES ('1135','340072',to_date('31/07/22','DD/MM/RR'),'6','10812874-0');
INSERT INTO reserva VALUES ('948','340298',to_date('01/08/22','DD/MM/RR'),'12','9912478-3');
INSERT INTO reserva VALUES ('1315','340389',to_date('01/08/22','DD/MM/RR'),'12','5446780-0');
INSERT INTO reserva VALUES ('1411','340290',to_date('01/08/22','DD/MM/RR'),'11','10456789-4');
INSERT INTO reserva VALUES ('1453','340457',to_date('01/08/22','DD/MM/RR'),'11','14456789-4');
INSERT INTO reserva VALUES ('1313','340035',to_date('02/08/22','DD/MM/RR'),'4','11124678-3');
INSERT INTO reserva VALUES ('953','340504',to_date('03/08/22','DD/MM/RR'),'6','10712354-2');
INSERT INTO reserva VALUES ('1097','340668',to_date('03/08/22','DD/MM/RR'),'8','9912478-3');
INSERT INTO reserva VALUES ('1460','340602',to_date('03/08/22','DD/MM/RR'),'9','10812874-0');
INSERT INTO reserva VALUES ('1514','340684',to_date('03/08/22','DD/MM/RR'),'8','10812874-0');
INSERT INTO reserva VALUES ('1101','340611',to_date('04/08/22','DD/MM/RR'),'6','10125945-7');
INSERT INTO reserva VALUES ('1108','340188',to_date('04/08/22','DD/MM/RR'),'11','10125945-7');
INSERT INTO reserva VALUES ('1347','340626',to_date('04/08/22','DD/MM/RR'),'9','7812354-2');
INSERT INTO reserva VALUES ('1424','340425',to_date('04/08/22','DD/MM/RR'),'12','10712354-2');
INSERT INTO reserva VALUES ('968','340143',to_date('08/08/22','DD/MM/RR'),'7','13746912-9');
INSERT INTO reserva VALUES ('990','340463',to_date('08/08/22','DD/MM/RR'),'4','11245678-5');
INSERT INTO reserva VALUES ('1133','340563',to_date('08/08/22','DD/MM/RR'),'10','10712354-2');
INSERT INTO reserva VALUES ('1365','340633',to_date('08/08/22','DD/MM/RR'),'6','5446780-0');
INSERT INTO reserva VALUES ('1415','340253',to_date('09/08/22','DD/MM/RR'),'12','11124678-3');
INSERT INTO reserva VALUES ('1081','340639',to_date('10/08/22','DD/MM/RR'),'8','10812874-0');
INSERT INTO reserva VALUES ('1495','340307',to_date('10/08/22','DD/MM/RR'),'11','9789456-3');
INSERT INTO reserva VALUES ('1604','340349',to_date('10/08/22','DD/MM/RR'),'8','11124678-3');
INSERT INTO reserva VALUES ('1398','340630',to_date('11/08/22','DD/MM/RR'),'8','10812874-0');
INSERT INTO reserva VALUES ('890','340660',to_date('12/08/22','DD/MM/RR'),'5','11124678-3');
INSERT INTO reserva VALUES ('1423','340357',to_date('12/08/22','DD/MM/RR'),'11','5446780-0');
INSERT INTO reserva VALUES ('1351','340441',to_date('14/08/22','DD/MM/RR'),'5','10125945-7');
INSERT INTO reserva VALUES ('1299','340313',to_date('15/08/22','DD/MM/RR'),'11','6245678-1');
INSERT INTO reserva VALUES ('1426','340153',to_date('15/08/22','DD/MM/RR'),'11','8125781-8');
INSERT INTO reserva VALUES ('868','340158',to_date('16/08/22','DD/MM/RR'),'10','10712354-2');
INSERT INTO reserva VALUES ('971','340653',to_date('16/08/22','DD/MM/RR'),'7','8125781-8');
INSERT INTO reserva VALUES ('1249','340258',to_date('16/08/22','DD/MM/RR'),'10','5446780-0');
INSERT INTO reserva VALUES ('908','340045',to_date('17/08/22','DD/MM/RR'),'12','8125781-8');
INSERT INTO reserva VALUES ('961','340671',to_date('17/08/22','DD/MM/RR'),'7','14456789-4');
INSERT INTO reserva VALUES ('1189','340048',to_date('17/08/22','DD/MM/RR'),'12','10812874-0');
INSERT INTO reserva VALUES ('1247','340233',to_date('17/08/22','DD/MM/RR'),'6','7812354-2');
INSERT INTO reserva VALUES ('1447','340285',to_date('18/08/22','DD/MM/RR'),'7','6467708-6');
INSERT INTO reserva VALUES ('983','340663',to_date('19/08/22','DD/MM/RR'),'4','5446780-0');
INSERT INTO reserva VALUES ('1083','340211',to_date('19/08/22','DD/MM/RR'),'8','13746912-9');
INSERT INTO reserva VALUES ('1397','340593',to_date('19/08/22','DD/MM/RR'),'6','8125781-8');
INSERT INTO reserva VALUES ('1270','340305',to_date('20/08/22','DD/MM/RR'),'11','10712354-2');
INSERT INTO reserva VALUES ('1342','340279',to_date('20/08/22','DD/MM/RR'),'6','10125945-7');
INSERT INTO reserva VALUES ('1388','340093',to_date('20/08/22','DD/MM/RR'),'6','13746912-9');
INSERT INTO reserva VALUES ('1410','340461',to_date('21/08/22','DD/MM/RR'),'10','9912478-3');
INSERT INTO reserva VALUES ('1483','340463',to_date('21/08/22','DD/MM/RR'),'10','10712354-2');
INSERT INTO reserva VALUES ('1353','340314',to_date('22/08/22','DD/MM/RR'),'4','10456789-4');
INSERT INTO reserva VALUES ('1549','340408',to_date('22/08/22','DD/MM/RR'),'5','6245678-1');
INSERT INTO reserva VALUES ('1558','340364',to_date('22/08/22','DD/MM/RR'),'11','9912478-3');
INSERT INTO reserva VALUES ('907','340357',to_date('23/08/22','DD/MM/RR'),'8','12456778-1');
INSERT INTO reserva VALUES ('1028','340442',to_date('23/08/22','DD/MM/RR'),'4','6467708-6');
INSERT INTO reserva VALUES ('1048','340263',to_date('23/08/22','DD/MM/RR'),'7','9789456-3');
INSERT INTO reserva VALUES ('1368','340189',to_date('23/08/22','DD/MM/RR'),'10','14456789-4');
INSERT INTO reserva VALUES ('1443','340490',to_date('23/08/22','DD/MM/RR'),'10','13746912-9');
INSERT INTO reserva VALUES ('1492','340465',to_date('23/08/22','DD/MM/RR'),'4','7812354-2');
INSERT INTO reserva VALUES ('1516','340016',to_date('23/08/22','DD/MM/RR'),'9','10812874-0');
INSERT INTO reserva VALUES ('1182','340428',to_date('24/08/22','DD/MM/RR'),'7','12456778-1');
INSERT INTO reserva VALUES ('1186','340285',to_date('25/08/22','DD/MM/RR'),'9','9912478-3');
INSERT INTO reserva VALUES ('887','340698',to_date('26/08/22','DD/MM/RR'),'8','9912478-3');
INSERT INTO reserva VALUES ('945','340558',to_date('26/08/22','DD/MM/RR'),'6','11124678-3');
INSERT INTO reserva VALUES ('1146','340515',to_date('26/08/22','DD/MM/RR'),'6','10712354-2');
INSERT INTO reserva VALUES ('1613','340442',to_date('26/08/22','DD/MM/RR'),'4','8125781-8');
INSERT INTO reserva VALUES ('1163','340462',to_date('27/08/22','DD/MM/RR'),'9','9912478-3');
INSERT INTO reserva VALUES ('1327','340206',to_date('27/08/22','DD/MM/RR'),'5','14456789-4');
INSERT INTO reserva VALUES ('1550','340529',to_date('27/08/22','DD/MM/RR'),'12','12456778-1');
INSERT INTO reserva VALUES ('1283','340267',to_date('28/08/22','DD/MM/RR'),'9','6245678-1');
INSERT INTO reserva VALUES ('1532','340451',to_date('29/08/22','DD/MM/RR'),'12','13746912-9');
INSERT INTO reserva VALUES ('1593','340525',to_date('29/08/22','DD/MM/RR'),'6','10125945-7');
INSERT INTO reserva VALUES ('883','340604',to_date('30/08/22','DD/MM/RR'),'12','10812874-0');
INSERT INTO reserva VALUES ('919','340323',to_date('30/08/22','DD/MM/RR'),'7','10456789-4');
INSERT INTO reserva VALUES ('1371','340676',to_date('30/08/22','DD/MM/RR'),'6','10456789-4');
INSERT INTO reserva VALUES ('1567','340081',to_date('30/08/22','DD/MM/RR'),'6','6245678-1');
INSERT INTO reserva VALUES ('949','340271',to_date('31/08/22','DD/MM/RR'),'9','7812354-2');
INSERT INTO reserva VALUES ('1046','340489',to_date('31/08/22','DD/MM/RR'),'9','14456789-4');
INSERT INTO reserva VALUES ('1003','340234',to_date('02/09/22','DD/MM/RR'),'12','9789456-3');
INSERT INTO reserva VALUES ('1167','340520',to_date('02/09/22','DD/MM/RR'),'4','10456789-4');
INSERT INTO reserva VALUES ('1202','340692',to_date('02/09/22','DD/MM/RR'),'6','11124678-3');
INSERT INTO reserva VALUES ('1203','340206',to_date('02/09/22','DD/MM/RR'),'7','10812874-0');
INSERT INTO reserva VALUES ('1215','340026',to_date('02/09/22','DD/MM/RR'),'11','10125945-7');
INSERT INTO reserva VALUES ('1320','340142',to_date('02/09/22','DD/MM/RR'),'10','13746912-9');
INSERT INTO reserva VALUES ('992','340667',to_date('03/09/22','DD/MM/RR'),'9','10812874-0');
INSERT INTO reserva VALUES ('1010','340079',to_date('03/09/22','DD/MM/RR'),'7','10456789-4');
INSERT INTO reserva VALUES ('1308','340570',to_date('03/09/22','DD/MM/RR'),'11','10456789-4');
INSERT INTO reserva VALUES ('1432','340423',to_date('03/09/22','DD/MM/RR'),'10','10712354-2');
INSERT INTO reserva VALUES ('1044','340458',to_date('04/09/22','DD/MM/RR'),'12','8125781-8');
INSERT INTO reserva VALUES ('1580','340395',to_date('04/09/22','DD/MM/RR'),'6','11124678-3');
INSERT INTO reserva VALUES ('1600','340594',to_date('04/09/22','DD/MM/RR'),'11','13746912-9');
INSERT INTO reserva VALUES ('964','340394',to_date('05/09/22','DD/MM/RR'),'10','6467708-6');
INSERT INTO reserva VALUES ('1053','340044',to_date('05/09/22','DD/MM/RR'),'4','9789456-3');
INSERT INTO reserva VALUES ('1001','340377',to_date('06/09/22','DD/MM/RR'),'8','10456789-4');
INSERT INTO reserva VALUES ('1571','340473',to_date('06/09/22','DD/MM/RR'),'9','11245678-5');
INSERT INTO reserva VALUES ('1107','340368',to_date('07/09/22','DD/MM/RR'),'4','11245678-5');
INSERT INTO reserva VALUES ('1225','340693',to_date('07/09/22','DD/MM/RR'),'9','10125945-7');
INSERT INTO reserva VALUES ('1555','340617',to_date('07/09/22','DD/MM/RR'),'10','10712354-2');
INSERT INTO reserva VALUES ('1164','340381',to_date('08/09/22','DD/MM/RR'),'10','12456778-1');
INSERT INTO reserva VALUES ('1226','340094',to_date('08/09/22','DD/MM/RR'),'11','10456789-4');
INSERT INTO reserva VALUES ('1032','340484',to_date('09/09/22','DD/MM/RR'),'5','9789456-3');
INSERT INTO reserva VALUES ('970','340636',to_date('10/09/22','DD/MM/RR'),'11','14456789-4');
INSERT INTO reserva VALUES ('1332','340251',to_date('10/09/22','DD/MM/RR'),'7','12456778-1');
INSERT INTO reserva VALUES ('1129','340325',to_date('11/09/22','DD/MM/RR'),'9','11245678-5');
INSERT INTO reserva VALUES ('1477','340053',to_date('11/09/22','DD/MM/RR'),'9','11245678-5');
INSERT INTO reserva VALUES ('1093','340063',to_date('12/09/22','DD/MM/RR'),'4','12456778-1');
INSERT INTO reserva VALUES ('1148','340353',to_date('12/09/22','DD/MM/RR'),'6','5446780-0');
INSERT INTO reserva VALUES ('1615','340089',to_date('12/09/22','DD/MM/RR'),'5','8125781-8');
INSERT INTO reserva VALUES ('1090','340102',to_date('13/09/22','DD/MM/RR'),'8','10456789-4');
INSERT INTO reserva VALUES ('1199','340686',to_date('13/09/22','DD/MM/RR'),'11','12456778-1');
INSERT INTO reserva VALUES ('1245','340350',to_date('13/09/22','DD/MM/RR'),'10','10812874-0');
INSERT INTO reserva VALUES ('870','340050',to_date('14/09/22','DD/MM/RR'),'6','8125781-8');
INSERT INTO reserva VALUES ('882','340159',to_date('14/09/22','DD/MM/RR'),'11','10812874-0');
INSERT INTO reserva VALUES ('1509','340389',to_date('14/09/22','DD/MM/RR'),'9','11124678-3');
INSERT INTO reserva VALUES ('1387','340623',to_date('15/09/22','DD/MM/RR'),'12','10125945-7');
INSERT INTO reserva VALUES ('1465','340303',to_date('15/09/22','DD/MM/RR'),'5','10812874-0');
INSERT INTO reserva VALUES ('1574','340519',to_date('15/09/22','DD/MM/RR'),'10','10812874-0');
INSERT INTO reserva VALUES ('1589','340202',to_date('15/09/22','DD/MM/RR'),'5','9912478-3');
INSERT INTO reserva VALUES ('1034','340138',to_date('16/09/22','DD/MM/RR'),'4','11124678-3');
INSERT INTO reserva VALUES ('1052','340336',to_date('16/09/22','DD/MM/RR'),'10','6467708-6');
INSERT INTO reserva VALUES ('1512','340266',to_date('17/09/22','DD/MM/RR'),'8','5446780-0');
INSERT INTO reserva VALUES ('1625','340063',to_date('17/09/22','DD/MM/RR'),'10','9789456-3');
INSERT INTO reserva VALUES ('1051','340209',to_date('19/09/22','DD/MM/RR'),'6','10125945-7');
INSERT INTO reserva VALUES ('956','340619',to_date('20/09/22','DD/MM/RR'),'6','9789456-3');
INSERT INTO reserva VALUES ('972','340406',to_date('20/09/22','DD/MM/RR'),'9','9789456-3');
INSERT INTO reserva VALUES ('1522','340643',to_date('20/09/22','DD/MM/RR'),'12','5446780-0');
INSERT INTO reserva VALUES ('1239','340512',to_date('21/09/22','DD/MM/RR'),'11','13746912-9');
INSERT INTO reserva VALUES ('1417','340594',to_date('21/09/22','DD/MM/RR'),'5','5446780-0');
INSERT INTO reserva VALUES ('1006','340286',to_date('22/09/22','DD/MM/RR'),'4','6467708-6');
INSERT INTO reserva VALUES ('1220','340183',to_date('22/09/22','DD/MM/RR'),'8','14456789-4');
INSERT INTO reserva VALUES ('1278','340285',to_date('22/09/22','DD/MM/RR'),'5','9912478-3');
INSERT INTO reserva VALUES ('1526','340067',to_date('23/09/22','DD/MM/RR'),'8','8125781-8');
INSERT INTO reserva VALUES ('1286','340147',to_date('25/09/22','DD/MM/RR'),'12','10456789-4');
INSERT INTO reserva VALUES ('985','340064',to_date('26/09/22','DD/MM/RR'),'8','6245678-1');
INSERT INTO reserva VALUES ('1301','340344',to_date('26/09/22','DD/MM/RR'),'6','12456778-1');
INSERT INTO reserva VALUES ('1503','340687',to_date('26/09/22','DD/MM/RR'),'4','9789456-3');
INSERT INTO reserva VALUES ('1204','340539',to_date('27/09/22','DD/MM/RR'),'10','10712354-2');
INSERT INTO reserva VALUES ('1251','340222',to_date('27/09/22','DD/MM/RR'),'4','10812874-0');
INSERT INTO reserva VALUES ('1142','340671',to_date('28/09/22','DD/MM/RR'),'9','11245678-5');
INSERT INTO reserva VALUES ('979','340431',to_date('29/09/22','DD/MM/RR'),'11','7812354-2');
INSERT INTO reserva VALUES ('1076','340002',to_date('29/09/22','DD/MM/RR'),'10','10812874-0');
INSERT INTO reserva VALUES ('1087','340404',to_date('29/09/22','DD/MM/RR'),'10','14456789-4');
INSERT INTO reserva VALUES ('1317','340568',to_date('29/09/22','DD/MM/RR'),'4','12456778-1');
INSERT INTO reserva VALUES ('1528','340600',to_date('29/09/22','DD/MM/RR'),'6','6467708-6');
INSERT INTO reserva VALUES ('1504','340472',to_date('30/09/22','DD/MM/RR'),'12','7812354-2');
INSERT INTO reserva VALUES ('1607','340168',to_date('30/09/22','DD/MM/RR'),'9','9912478-3');
INSERT INTO reserva VALUES ('1102','340307',to_date('01/10/22','DD/MM/RR'),'10','7812354-2');
INSERT INTO reserva VALUES ('1373','340532',to_date('01/10/22','DD/MM/RR'),'7','11245678-5');
INSERT INTO reserva VALUES ('946','340220',to_date('02/10/22','DD/MM/RR'),'11','12456778-1');
INSERT INTO reserva VALUES ('997','340070',to_date('02/10/22','DD/MM/RR'),'8','8125781-8');
INSERT INTO reserva VALUES ('1578','340101',to_date('03/10/22','DD/MM/RR'),'8','11124678-3');
INSERT INTO reserva VALUES ('896','340134',to_date('04/10/22','DD/MM/RR'),'12','11245678-5');
INSERT INTO reserva VALUES ('1082','340296',to_date('04/10/22','DD/MM/RR'),'4','10125945-7');
INSERT INTO reserva VALUES ('1591','340223',to_date('04/10/22','DD/MM/RR'),'12','11124678-3');
INSERT INTO reserva VALUES ('918','340628',to_date('05/10/22','DD/MM/RR'),'11','7812354-2');
INSERT INTO reserva VALUES ('1300','340061',to_date('05/10/22','DD/MM/RR'),'6','6467708-6');
INSERT INTO reserva VALUES ('1311','340082',to_date('05/10/22','DD/MM/RR'),'11','9912478-3');
INSERT INTO reserva VALUES ('1324','340091',to_date('05/10/22','DD/MM/RR'),'4','10712354-2');
INSERT INTO reserva VALUES ('1430','340188',to_date('05/10/22','DD/MM/RR'),'12','10456789-4');
INSERT INTO reserva VALUES ('872','340484',to_date('06/10/22','DD/MM/RR'),'4','11124678-3');
INSERT INTO reserva VALUES ('1304','340076',to_date('06/10/22','DD/MM/RR'),'6','6245678-1');
INSERT INTO reserva VALUES ('1305','340369',to_date('06/10/22','DD/MM/RR'),'8','6245678-1');
INSERT INTO reserva VALUES ('1565','340137',to_date('06/10/22','DD/MM/RR'),'10','6467708-6');
INSERT INTO reserva VALUES ('864','340135',to_date('07/10/22','DD/MM/RR'),'4','6245678-1');
INSERT INTO reserva VALUES ('1004','340680',to_date('07/10/22','DD/MM/RR'),'9','8125781-8');
INSERT INTO reserva VALUES ('1188','340414',to_date('07/10/22','DD/MM/RR'),'6','5446780-0');
INSERT INTO reserva VALUES ('1392','340322',to_date('07/10/22','DD/MM/RR'),'10','8125781-8');
INSERT INTO reserva VALUES ('1427','340632',to_date('07/10/22','DD/MM/RR'),'9','8125781-8');
INSERT INTO reserva VALUES ('877','340609',to_date('08/10/22','DD/MM/RR'),'10','10712354-2');
INSERT INTO reserva VALUES ('1513','340090',to_date('10/10/22','DD/MM/RR'),'8','9912478-3');
INSERT INTO reserva VALUES ('1331','340599',to_date('11/10/22','DD/MM/RR'),'12','6245678-1');
INSERT INTO reserva VALUES ('1374','340325',to_date('11/10/22','DD/MM/RR'),'11','9912478-3');
INSERT INTO reserva VALUES ('894','340099',to_date('12/10/22','DD/MM/RR'),'8','10712354-2');
INSERT INTO reserva VALUES ('1157','340186',to_date('12/10/22','DD/MM/RR'),'9','6245678-1');
INSERT INTO reserva VALUES ('1360','340126',to_date('12/10/22','DD/MM/RR'),'4','10812874-0');
INSERT INTO reserva VALUES ('1062','340133',to_date('13/10/22','DD/MM/RR'),'5','13746912-9');
INSERT INTO reserva VALUES ('1276','340196',to_date('13/10/22','DD/MM/RR'),'9','5446780-0');
INSERT INTO reserva VALUES ('1461','340379',to_date('13/10/22','DD/MM/RR'),'10','10712354-2');
INSERT INTO reserva VALUES ('930','340106',to_date('14/10/22','DD/MM/RR'),'10','9912478-3');
INSERT INTO reserva VALUES ('1282','340573',to_date('14/10/22','DD/MM/RR'),'7','10712354-2');
INSERT INTO reserva VALUES ('1566','340332',to_date('14/10/22','DD/MM/RR'),'7','10125945-7');
INSERT INTO reserva VALUES ('974','340664',to_date('15/10/22','DD/MM/RR'),'11','10125945-7');
INSERT INTO reserva VALUES ('943','340513',to_date('16/10/22','DD/MM/RR'),'8','9912478-3');
INSERT INTO reserva VALUES ('966','340648',to_date('16/10/22','DD/MM/RR'),'4','14456789-4');
INSERT INTO reserva VALUES ('1172','340616',to_date('16/10/22','DD/MM/RR'),'5','11245678-5');
INSERT INTO reserva VALUES ('1254','340628',to_date('17/10/22','DD/MM/RR'),'11','6245678-1');
INSERT INTO reserva VALUES ('1391','340633',to_date('17/10/22','DD/MM/RR'),'5','6467708-6');
INSERT INTO reserva VALUES ('1455','340043',to_date('17/10/22','DD/MM/RR'),'4','10812874-0');
INSERT INTO reserva VALUES ('1610','340225',to_date('17/10/22','DD/MM/RR'),'11','10812874-0');
INSERT INTO reserva VALUES ('914','340562',to_date('18/10/22','DD/MM/RR'),'7','6245678-1');
INSERT INTO reserva VALUES ('1109','340104',to_date('18/10/22','DD/MM/RR'),'6','9912478-3');
INSERT INTO reserva VALUES ('1154','340124',to_date('19/10/22','DD/MM/RR'),'5','13746912-9');
INSERT INTO reserva VALUES ('1328','340627',to_date('19/10/22','DD/MM/RR'),'11','6467708-6');
INSERT INTO reserva VALUES ('973','340301',to_date('20/10/22','DD/MM/RR'),'5','13746912-9');
INSERT INTO reserva VALUES ('1072','340603',to_date('20/10/22','DD/MM/RR'),'9','8125781-8');
INSERT INTO reserva VALUES ('1335','340528',to_date('20/10/22','DD/MM/RR'),'4','11245678-5');
INSERT INTO reserva VALUES ('1054','340386',to_date('21/10/22','DD/MM/RR'),'11','6467708-6');
INSERT INTO reserva VALUES ('937','340379',to_date('22/10/22','DD/MM/RR'),'12','10712354-2');
INSERT INTO reserva VALUES ('1440','340370',to_date('22/10/22','DD/MM/RR'),'4','11245678-5');
INSERT INTO reserva VALUES ('1291','340098',to_date('23/10/22','DD/MM/RR'),'4','10125945-7');
INSERT INTO reserva VALUES ('1505','340698',to_date('23/10/22','DD/MM/RR'),'4','6245678-1');
INSERT INTO reserva VALUES ('1287','340685',to_date('24/10/22','DD/MM/RR'),'5','10712354-2');
INSERT INTO reserva VALUES ('1472','340191',to_date('25/10/22','DD/MM/RR'),'9','10125945-7');
INSERT INTO reserva VALUES ('1521','340644',to_date('25/10/22','DD/MM/RR'),'9','11124678-3');
INSERT INTO reserva VALUES ('1619','340307',to_date('25/10/22','DD/MM/RR'),'8','13746912-9');
INSERT INTO reserva VALUES ('1089','340514',to_date('26/10/22','DD/MM/RR'),'9','10125945-7');
INSERT INTO reserva VALUES ('1281','340376',to_date('26/10/22','DD/MM/RR'),'10','5446780-0');
INSERT INTO reserva VALUES ('1537','340283',to_date('26/10/22','DD/MM/RR'),'9','8125781-8');
INSERT INTO reserva VALUES ('1378','340380',to_date('27/10/22','DD/MM/RR'),'4','6245678-1');
INSERT INTO reserva VALUES ('1016','340440',to_date('28/10/22','DD/MM/RR'),'12','6245678-1');
INSERT INTO reserva VALUES ('1548','340619',to_date('28/10/22','DD/MM/RR'),'10','10125945-7');
INSERT INTO reserva VALUES ('931','340128',to_date('30/10/22','DD/MM/RR'),'5','11245678-5');
INSERT INTO reserva VALUES ('1214','340396',to_date('30/10/22','DD/MM/RR'),'12','11245678-5');
INSERT INTO reserva VALUES ('1463','340623',to_date('30/10/22','DD/MM/RR'),'8','14456789-4');
INSERT INTO reserva VALUES ('1577','340351',to_date('31/10/22','DD/MM/RR'),'8','12456778-1');
INSERT INTO reserva VALUES ('1147','340016',to_date('01/11/22','DD/MM/RR'),'12','13746912-9');
INSERT INTO reserva VALUES ('1263','340320',to_date('01/11/22','DD/MM/RR'),'8','13746912-9');
INSERT INTO reserva VALUES ('1481','340171',to_date('01/11/22','DD/MM/RR'),'6','10712354-2');
INSERT INTO reserva VALUES ('1496','340164',to_date('01/11/22','DD/MM/RR'),'8','10812874-0');
INSERT INTO reserva VALUES ('1525','340090',to_date('01/11/22','DD/MM/RR'),'11','10456789-4');
INSERT INTO reserva VALUES ('1171','340211',to_date('02/11/22','DD/MM/RR'),'5','6245678-1');
INSERT INTO reserva VALUES ('1454','340406',to_date('02/11/22','DD/MM/RR'),'5','8125781-8');
INSERT INTO reserva VALUES ('1585','340429',to_date('02/11/22','DD/MM/RR'),'11','10712354-2');
INSERT INTO reserva VALUES ('924','340615',to_date('03/11/22','DD/MM/RR'),'11','10812874-0');
INSERT INTO reserva VALUES ('1065','340682',to_date('03/11/22','DD/MM/RR'),'5','14456789-4');
INSERT INTO reserva VALUES ('1119','340488',to_date('03/11/22','DD/MM/RR'),'4','10712354-2');
INSERT INTO reserva VALUES ('1150','340025',to_date('03/11/22','DD/MM/RR'),'4','12456778-1');
INSERT INTO reserva VALUES ('1357','340450',to_date('03/11/22','DD/MM/RR'),'4','6245678-1');
INSERT INTO reserva VALUES ('1064','340020',to_date('04/11/22','DD/MM/RR'),'6','10125945-7');
INSERT INTO reserva VALUES ('1539','340092',to_date('05/11/22','DD/MM/RR'),'4','6245678-1');
INSERT INTO reserva VALUES ('1588','340282',to_date('05/11/22','DD/MM/RR'),'4','10456789-4');
INSERT INTO reserva VALUES ('1560','340128',to_date('06/11/22','DD/MM/RR'),'11','9912478-3');
INSERT INTO reserva VALUES ('1362','340169',to_date('07/11/22','DD/MM/RR'),'7','9789456-3');
INSERT INTO reserva VALUES ('1412','340114',to_date('07/11/22','DD/MM/RR'),'6','10125945-7');
INSERT INTO reserva VALUES ('1484','340085',to_date('08/11/22','DD/MM/RR'),'12','11124678-3');
INSERT INTO reserva VALUES ('895','340688',to_date('09/11/22','DD/MM/RR'),'5','10812874-0');
INSERT INTO reserva VALUES ('1117','340379',to_date('09/11/22','DD/MM/RR'),'9','11124678-3');
INSERT INTO reserva VALUES ('1302','340035',to_date('09/11/22','DD/MM/RR'),'8','10456789-4');
INSERT INTO reserva VALUES ('863','340189',to_date('10/11/22','DD/MM/RR'),'11','5446780-0');
INSERT INTO reserva VALUES ('1355','340427',to_date('10/11/22','DD/MM/RR'),'10','10125945-7');
INSERT INTO reserva VALUES ('1518','340578',to_date('10/11/22','DD/MM/RR'),'12','11124678-3');
INSERT INTO reserva VALUES ('1527','340641',to_date('10/11/22','DD/MM/RR'),'6','13746912-9');
INSERT INTO reserva VALUES ('1015','340352',to_date('11/11/22','DD/MM/RR'),'8','10812874-0');
INSERT INTO reserva VALUES ('1177','340409',to_date('11/11/22','DD/MM/RR'),'5','12456778-1');
INSERT INTO reserva VALUES ('1413','340331',to_date('11/11/22','DD/MM/RR'),'10','13746912-9');
INSERT INTO reserva VALUES ('978','340248',to_date('12/11/22','DD/MM/RR'),'12','10712354-2');
INSERT INTO reserva VALUES ('1057','340651',to_date('12/11/22','DD/MM/RR'),'9','10812874-0');
INSERT INTO reserva VALUES ('1158','340478',to_date('12/11/22','DD/MM/RR'),'4','6245678-1');
INSERT INTO reserva VALUES ('1359','340096',to_date('12/11/22','DD/MM/RR'),'5','13746912-9');
INSERT INTO reserva VALUES ('1091','340352',to_date('13/11/22','DD/MM/RR'),'8','5446780-0');
INSERT INTO reserva VALUES ('1364','340409',to_date('13/11/22','DD/MM/RR'),'11','10812874-0');
INSERT INTO reserva VALUES ('1420','340630',to_date('13/11/22','DD/MM/RR'),'10','8125781-8');
INSERT INTO reserva VALUES ('1017','340319',to_date('14/11/22','DD/MM/RR'),'4','9912478-3');
INSERT INTO reserva VALUES ('1128','340618',to_date('14/11/22','DD/MM/RR'),'7','7812354-2');
INSERT INTO reserva VALUES ('1257','340169',to_date('14/11/22','DD/MM/RR'),'11','10456789-4');
INSERT INTO reserva VALUES ('1542','340245',to_date('14/11/22','DD/MM/RR'),'7','10456789-4');
INSERT INTO reserva VALUES ('1564','340062',to_date('14/11/22','DD/MM/RR'),'7','10456789-4');
INSERT INTO reserva VALUES ('1620','340074',to_date('16/11/22','DD/MM/RR'),'7','13746912-9');
INSERT INTO reserva VALUES ('1013','340610',to_date('17/11/22','DD/MM/RR'),'9','9789456-3');
INSERT INTO reserva VALUES ('1284','340452',to_date('17/11/22','DD/MM/RR'),'12','6245678-1');
INSERT INTO reserva VALUES ('900','340035',to_date('18/11/22','DD/MM/RR'),'6','11245678-5');
INSERT INTO reserva VALUES ('1114','340334',to_date('18/11/22','DD/MM/RR'),'9','10456789-4');
INSERT INTO reserva VALUES ('1256','340660',to_date('18/11/22','DD/MM/RR'),'6','13746912-9');
INSERT INTO reserva VALUES ('1379','340402',to_date('19/11/22','DD/MM/RR'),'7','13746912-9');
INSERT INTO reserva VALUES ('1369','340077',to_date('20/11/22','DD/MM/RR'),'12','12456778-1');
INSERT INTO reserva VALUES ('1384','340151',to_date('20/11/22','DD/MM/RR'),'7','12456778-1');
INSERT INTO reserva VALUES ('940','340320',to_date('21/11/22','DD/MM/RR'),'10','10812874-0');
INSERT INTO reserva VALUES ('1181','340280',to_date('21/11/22','DD/MM/RR'),'8','11245678-5');
INSERT INTO reserva VALUES ('1196','340384',to_date('21/11/22','DD/MM/RR'),'5','12456778-1');
INSERT INTO reserva VALUES ('986','340300',to_date('23/11/22','DD/MM/RR'),'8','10712354-2');
INSERT INTO reserva VALUES ('1190','340700',to_date('23/11/22','DD/MM/RR'),'7','9912478-3');
INSERT INTO reserva VALUES ('1218','340488',to_date('24/11/22','DD/MM/RR'),'7','9912478-3');
INSERT INTO reserva VALUES ('1569','340322',to_date('25/11/22','DD/MM/RR'),'11','14456789-4');
INSERT INTO reserva VALUES ('1598','340011',to_date('25/11/22','DD/MM/RR'),'6','10456789-4');
INSERT INTO reserva VALUES ('1009','340398',to_date('26/11/22','DD/MM/RR'),'7','9789456-3');
INSERT INTO reserva VALUES ('1229','340239',to_date('26/11/22','DD/MM/RR'),'6','10456789-4');
INSERT INTO reserva VALUES ('1232','340529',to_date('26/11/22','DD/MM/RR'),'10','7812354-2');
INSERT INTO reserva VALUES ('1080','340669',to_date('28/11/22','DD/MM/RR'),'8','9789456-3');
INSERT INTO reserva VALUES ('1122','340432',to_date('28/11/22','DD/MM/RR'),'10','12456778-1');
INSERT INTO reserva VALUES ('1230','340599',to_date('28/11/22','DD/MM/RR'),'12','10456789-4');
INSERT INTO reserva VALUES ('1559','340666',to_date('28/11/22','DD/MM/RR'),'8','6245678-1');
INSERT INTO reserva VALUES ('1259','340635',to_date('29/11/22','DD/MM/RR'),'10','9789456-3');
INSERT INTO reserva VALUES ('942','340132',to_date('30/11/22','DD/MM/RR'),'6','12456778-1');
INSERT INTO reserva VALUES ('1075','340198',to_date('30/11/22','DD/MM/RR'),'12','13746912-9');
INSERT INTO reserva VALUES ('1134','340596',to_date('30/11/22','DD/MM/RR'),'8','11245678-5');
INSERT INTO reserva VALUES ('1210','340328',to_date('30/11/22','DD/MM/RR'),'7','7812354-2');
INSERT INTO reserva VALUES ('1499','340084',to_date('30/11/22','DD/MM/RR'),'12','11245678-5');
INSERT INTO reserva VALUES ('1277','340347',to_date('01/12/22','DD/MM/RR'),'9','13746912-9');
INSERT INTO reserva VALUES ('1409','340228',to_date('03/12/22','DD/MM/RR'),'7','13746912-9');
INSERT INTO reserva VALUES ('1545','340657',to_date('04/12/22','DD/MM/RR'),'10','5446780-0');
INSERT INTO reserva VALUES ('1583','340004',to_date('04/12/22','DD/MM/RR'),'8','13746912-9');
INSERT INTO reserva VALUES ('1372','340461',to_date('06/12/22','DD/MM/RR'),'10','10125945-7');
INSERT INTO reserva VALUES ('1464','340209',to_date('06/12/22','DD/MM/RR'),'10','8125781-8');
INSERT INTO reserva VALUES ('1570','340283',to_date('06/12/22','DD/MM/RR'),'4','6245678-1');
INSERT INTO reserva VALUES ('960','340306',to_date('07/12/22','DD/MM/RR'),'11','6467708-6');
INSERT INTO reserva VALUES ('1116','340210',to_date('07/12/22','DD/MM/RR'),'8','12456778-1');
INSERT INTO reserva VALUES ('1319','340278',to_date('08/12/22','DD/MM/RR'),'12','6245678-1');
INSERT INTO reserva VALUES ('993','340183',to_date('09/12/22','DD/MM/RR'),'12','10125945-7');
INSERT INTO reserva VALUES ('1191','340297',to_date('09/12/22','DD/MM/RR'),'11','9789456-3');
INSERT INTO reserva VALUES ('1573','340399',to_date('10/12/22','DD/MM/RR'),'8','14456789-4');
INSERT INTO reserva VALUES ('1312','340455',to_date('11/12/22','DD/MM/RR'),'9','10125945-7');
INSERT INTO reserva VALUES ('1345','340501',to_date('11/12/22','DD/MM/RR'),'8','9912478-3');
INSERT INTO reserva VALUES ('1568','340482',to_date('11/12/22','DD/MM/RR'),'9','6467708-6');
INSERT INTO reserva VALUES ('1442','340120',to_date('12/12/22','DD/MM/RR'),'4','5446780-0');
INSERT INTO reserva VALUES ('1000','340447',to_date('13/12/22','DD/MM/RR'),'5','6467708-6');
INSERT INTO reserva VALUES ('1244','340593',to_date('13/12/22','DD/MM/RR'),'12','9789456-3');
INSERT INTO reserva VALUES ('1441','340210',to_date('13/12/22','DD/MM/RR'),'4','6245678-1');
INSERT INTO reserva VALUES ('1473','340510',to_date('13/12/22','DD/MM/RR'),'9','7812354-2');
INSERT INTO reserva VALUES ('874','340371',to_date('14/12/22','DD/MM/RR'),'10','7812354-2');
INSERT INTO reserva VALUES ('984','340092',to_date('14/12/22','DD/MM/RR'),'9','8125781-8');
INSERT INTO reserva VALUES ('1136','340398',to_date('14/12/22','DD/MM/RR'),'5','6245678-1');
INSERT INTO reserva VALUES ('1151','340074',to_date('14/12/22','DD/MM/RR'),'7','10456789-4');
INSERT INTO reserva VALUES ('1243','340287',to_date('14/12/22','DD/MM/RR'),'10','11245678-5');
INSERT INTO reserva VALUES ('1339','340162',to_date('14/12/22','DD/MM/RR'),'8','10712354-2');
INSERT INTO reserva VALUES ('926','340664',to_date('16/12/22','DD/MM/RR'),'7','8125781-8');
INSERT INTO reserva VALUES ('962','340043',to_date('16/12/22','DD/MM/RR'),'4','11245678-5');
INSERT INTO reserva VALUES ('1038','340386',to_date('16/12/22','DD/MM/RR'),'8','13746912-9');
INSERT INTO reserva VALUES ('1224','340323',to_date('16/12/22','DD/MM/RR'),'6','14456789-4');
INSERT INTO reserva VALUES ('1285','340552',to_date('16/12/22','DD/MM/RR'),'4','6467708-6');
INSERT INTO reserva VALUES ('1349','340100',to_date('17/12/22','DD/MM/RR'),'5','10712354-2');
INSERT INTO reserva VALUES ('1524','340671',to_date('17/12/22','DD/MM/RR'),'10','6245678-1');
INSERT INTO reserva VALUES ('1535','340617',to_date('17/12/22','DD/MM/RR'),'8','7812354-2');
INSERT INTO reserva VALUES ('1095','340412',to_date('18/12/22','DD/MM/RR'),'5','11245678-5');
INSERT INTO reserva VALUES ('1363','340493',to_date('18/12/22','DD/MM/RR'),'9','10812874-0');
INSERT INTO reserva VALUES ('1399','340663',to_date('18/12/22','DD/MM/RR'),'11','6245678-1');
INSERT INTO reserva VALUES ('1618','340514',to_date('18/12/22','DD/MM/RR'),'4','10125945-7');
INSERT INTO reserva VALUES ('1019','340426',to_date('19/12/22','DD/MM/RR'),'8','14456789-4');
INSERT INTO reserva VALUES ('1155','340324',to_date('19/12/22','DD/MM/RR'),'5','11245678-5');
INSERT INTO reserva VALUES ('1221','340553',to_date('19/12/22','DD/MM/RR'),'8','6467708-6');
INSERT INTO reserva VALUES ('1274','340631',to_date('19/12/22','DD/MM/RR'),'4','10125945-7');
INSERT INTO reserva VALUES ('1271','340157',to_date('20/12/22','DD/MM/RR'),'10','7812354-2');
INSERT INTO reserva VALUES ('1608','340462',to_date('20/12/22','DD/MM/RR'),'9','11245678-5');
INSERT INTO reserva VALUES ('977','340295',to_date('21/12/22','DD/MM/RR'),'10','13746912-9');
INSERT INTO reserva VALUES ('994','340644',to_date('21/12/22','DD/MM/RR'),'4','11245678-5');
INSERT INTO reserva VALUES ('1268','340105',to_date('21/12/22','DD/MM/RR'),'9','5446780-0');
INSERT INTO reserva VALUES ('1457','340174',to_date('21/12/22','DD/MM/RR'),'11','6245678-1');
INSERT INTO reserva VALUES ('944','340399',to_date('22/12/22','DD/MM/RR'),'5','14456789-4');
INSERT INTO reserva VALUES ('1125','340130',to_date('23/12/22','DD/MM/RR'),'12','5446780-0');
INSERT INTO reserva VALUES ('1538','340380',to_date('23/12/22','DD/MM/RR'),'12','11245678-5');
INSERT INTO reserva VALUES ('1322','340035',to_date('24/12/22','DD/MM/RR'),'8','10456789-4');
INSERT INTO reserva VALUES ('1385','340413',to_date('25/12/22','DD/MM/RR'),'8','8125781-8');
INSERT INTO reserva VALUES ('1435','340368',to_date('25/12/22','DD/MM/RR'),'6','5446780-0');
INSERT INTO reserva VALUES ('1594','340404',to_date('26/12/22','DD/MM/RR'),'5','13746912-9');
INSERT INTO reserva VALUES ('1316','340171',to_date('27/12/22','DD/MM/RR'),'12','10125945-7');
INSERT INTO reserva VALUES ('1485','340378',to_date('27/12/22','DD/MM/RR'),'11','6467708-6');
INSERT INTO reserva VALUES ('1209','340561',to_date('28/12/22','DD/MM/RR'),'8','9912478-3');
INSERT INTO reserva VALUES ('1043','340508',to_date('29/12/22','DD/MM/RR'),'10','10125945-7');
INSERT INTO reserva VALUES ('1250','340009',to_date('29/12/22','DD/MM/RR'),'12','10712354-2');
INSERT INTO reserva VALUES ('1534','340005',to_date('29/12/22','DD/MM/RR'),'11','14456789-4');
INSERT INTO reserva VALUES ('1554','340319',to_date('29/12/22','DD/MM/RR'),'9','11124678-3');
INSERT INTO reserva VALUES ('1614','340100',to_date('29/12/22','DD/MM/RR'),'6','5446780-0');
INSERT INTO reserva VALUES ('1018','340274',to_date('30/12/22','DD/MM/RR'),'5','14456789-4');
INSERT INTO reserva VALUES ('1520','340379',to_date('30/12/22','DD/MM/RR'),'9','6245678-1');
INSERT INTO reserva VALUES ('1655','340055',to_date('31/12/22','DD/MM/RR'),'12','12456778-1');
INSERT INTO reserva VALUES ('1673','340566',to_date('31/12/22','DD/MM/RR'),'6','11245678-5');
INSERT INTO reserva VALUES ('1965','340273',to_date('31/12/22','DD/MM/RR'),'7','9789456-3');
INSERT INTO reserva VALUES ('1719','340338',to_date('01/01/23','DD/MM/RR'),'9','9912478-3');
INSERT INTO reserva VALUES ('1853','340530',to_date('02/01/23','DD/MM/RR'),'4','5446780-0');
INSERT INTO reserva VALUES ('1727','340375',to_date('04/01/23','DD/MM/RR'),'12','10456789-4');
INSERT INTO reserva VALUES ('1747','340665',to_date('04/01/23','DD/MM/RR'),'8','11245678-5');
INSERT INTO reserva VALUES ('1741','340673',to_date('06/01/23','DD/MM/RR'),'6','11124678-3');
INSERT INTO reserva VALUES ('1750','340481',to_date('06/01/23','DD/MM/RR'),'7','10456789-4');
INSERT INTO reserva VALUES ('1989','340045',to_date('06/01/23','DD/MM/RR'),'6','5446780-0');
INSERT INTO reserva VALUES ('1942','340376',to_date('07/01/23','DD/MM/RR'),'9','9789456-3');
INSERT INTO reserva VALUES ('1943','340182',to_date('07/01/23','DD/MM/RR'),'4','13746912-9');
INSERT INTO reserva VALUES ('1638','340588',to_date('10/01/23','DD/MM/RR'),'7','10125945-7');
INSERT INTO reserva VALUES ('1782','340165',to_date('10/01/23','DD/MM/RR'),'7','11124678-3');
INSERT INTO reserva VALUES ('1860','340658',to_date('10/01/23','DD/MM/RR'),'7','5446780-0');
INSERT INTO reserva VALUES ('1742','340134',to_date('11/01/23','DD/MM/RR'),'5','10125945-7');
INSERT INTO reserva VALUES ('1924','340313',to_date('11/01/23','DD/MM/RR'),'5','10125945-7');
INSERT INTO reserva VALUES ('2003','340093',to_date('11/01/23','DD/MM/RR'),'7','8125781-8');
INSERT INTO reserva VALUES ('1754','340330',to_date('12/01/23','DD/MM/RR'),'10','7812354-2');
INSERT INTO reserva VALUES ('1918','340640',to_date('12/01/23','DD/MM/RR'),'6','11245678-5');
INSERT INTO reserva VALUES ('1668','340111',to_date('14/01/23','DD/MM/RR'),'10','10812874-0');
INSERT INTO reserva VALUES ('1729','340418',to_date('15/01/23','DD/MM/RR'),'9','12456778-1');
INSERT INTO reserva VALUES ('1843','340135',to_date('15/01/23','DD/MM/RR'),'8','11245678-5');
INSERT INTO reserva VALUES ('1846','340613',to_date('15/01/23','DD/MM/RR'),'6','13746912-9');
INSERT INTO reserva VALUES ('1771','340643',to_date('16/01/23','DD/MM/RR'),'10','11245678-5');
INSERT INTO reserva VALUES ('1635','340538',to_date('17/01/23','DD/MM/RR'),'6','10812874-0');
INSERT INTO reserva VALUES ('1768','340161',to_date('18/01/23','DD/MM/RR'),'11','14456789-4');
INSERT INTO reserva VALUES ('1684','340622',to_date('19/01/23','DD/MM/RR'),'7','14456789-4');
INSERT INTO reserva VALUES ('1948','340064',to_date('19/01/23','DD/MM/RR'),'4','14456789-4');
INSERT INTO reserva VALUES ('1676','340498',to_date('20/01/23','DD/MM/RR'),'5','6467708-6');
INSERT INTO reserva VALUES ('1711','340145',to_date('23/01/23','DD/MM/RR'),'9','6245678-1');
INSERT INTO reserva VALUES ('1902','340108',to_date('23/01/23','DD/MM/RR'),'6','10125945-7');
INSERT INTO reserva VALUES ('1660','340263',to_date('24/01/23','DD/MM/RR'),'12','6467708-6');
INSERT INTO reserva VALUES ('1732','340694',to_date('24/01/23','DD/MM/RR'),'12','9912478-3');
INSERT INTO reserva VALUES ('1944','340258',to_date('24/01/23','DD/MM/RR'),'12','13746912-9');
INSERT INTO reserva VALUES ('1641','340129',to_date('25/01/23','DD/MM/RR'),'10','7812354-2');
INSERT INTO reserva VALUES ('1740','340216',to_date('25/01/23','DD/MM/RR'),'8','11245678-5');
INSERT INTO reserva VALUES ('1895','340663',to_date('26/01/23','DD/MM/RR'),'11','11245678-5');
INSERT INTO reserva VALUES ('1923','340240',to_date('26/01/23','DD/MM/RR'),'12','10456789-4');
INSERT INTO reserva VALUES ('1793','340253',to_date('27/01/23','DD/MM/RR'),'8','9789456-3');
INSERT INTO reserva VALUES ('1898','340661',to_date('27/01/23','DD/MM/RR'),'5','12456778-1');
INSERT INTO reserva VALUES ('1960','340382',to_date('27/01/23','DD/MM/RR'),'10','12456778-1');
INSERT INTO reserva VALUES ('1758','340320',to_date('28/01/23','DD/MM/RR'),'7','12456778-1');
INSERT INTO reserva VALUES ('1794','340187',to_date('28/01/23','DD/MM/RR'),'7','10812874-0');
INSERT INTO reserva VALUES ('1973','340239',to_date('29/01/23','DD/MM/RR'),'9','5446780-0');
INSERT INTO reserva VALUES ('1631','340199',to_date('31/01/23','DD/MM/RR'),'10','12456778-1');
INSERT INTO reserva VALUES ('1634','340564',to_date('31/01/23','DD/MM/RR'),'10','10125945-7');
INSERT INTO reserva VALUES ('1879','340460',to_date('01/02/23','DD/MM/RR'),'4','10456789-4');
INSERT INTO reserva VALUES ('1785','340082',to_date('02/02/23','DD/MM/RR'),'6','12456778-1');
INSERT INTO reserva VALUES ('1986','340193',to_date('04/02/23','DD/MM/RR'),'6','6467708-6');
INSERT INTO reserva VALUES ('1861','340029',to_date('05/02/23','DD/MM/RR'),'12','8125781-8');
INSERT INTO reserva VALUES ('1874','340472',to_date('05/02/23','DD/MM/RR'),'4','10712354-2');
INSERT INTO reserva VALUES ('1982','340062',to_date('05/02/23','DD/MM/RR'),'7','6245678-1');
INSERT INTO reserva VALUES ('1718','340493',to_date('07/02/23','DD/MM/RR'),'12','10712354-2');
INSERT INTO reserva VALUES ('1753','340592',to_date('07/02/23','DD/MM/RR'),'6','14456789-4');
INSERT INTO reserva VALUES ('1796','340071',to_date('07/02/23','DD/MM/RR'),'8','10456789-4');
INSERT INTO reserva VALUES ('1959','340449',to_date('07/02/23','DD/MM/RR'),'10','14456789-4');
INSERT INTO reserva VALUES ('1652','340175',to_date('08/02/23','DD/MM/RR'),'4','5446780-0');
INSERT INTO reserva VALUES ('1675','340373',to_date('08/02/23','DD/MM/RR'),'12','10812874-0');
INSERT INTO reserva VALUES ('1817','340069',to_date('10/02/23','DD/MM/RR'),'11','11245678-5');
INSERT INTO reserva VALUES ('1953','340601',to_date('10/02/23','DD/MM/RR'),'11','6245678-1');
INSERT INTO reserva VALUES ('1922','340055',to_date('12/02/23','DD/MM/RR'),'9','14456789-4');
INSERT INTO reserva VALUES ('1972','340532',to_date('12/02/23','DD/MM/RR'),'8','13746912-9');
INSERT INTO reserva VALUES ('1759','340351',to_date('14/02/23','DD/MM/RR'),'12','10812874-0');
INSERT INTO reserva VALUES ('1981','340674',to_date('14/02/23','DD/MM/RR'),'11','10125945-7');
INSERT INTO reserva VALUES ('1749','340529',to_date('15/02/23','DD/MM/RR'),'4','6245678-1');
INSERT INTO reserva VALUES ('1917','340249',to_date('15/02/23','DD/MM/RR'),'5','8125781-8');
INSERT INTO reserva VALUES ('1678','340444',to_date('16/02/23','DD/MM/RR'),'5','11245678-5');
INSERT INTO reserva VALUES ('1800','340569',to_date('16/02/23','DD/MM/RR'),'10','10712354-2');
INSERT INTO reserva VALUES ('1980','340481',to_date('19/02/23','DD/MM/RR'),'5','11124678-3');
INSERT INTO reserva VALUES ('1646','340134',to_date('22/02/23','DD/MM/RR'),'6','11124678-3');
INSERT INTO reserva VALUES ('1643','340197',to_date('24/02/23','DD/MM/RR'),'4','10456789-4');
INSERT INTO reserva VALUES ('1716','340080',to_date('24/02/23','DD/MM/RR'),'5','12456778-1');
INSERT INTO reserva VALUES ('1915','340383',to_date('24/02/23','DD/MM/RR'),'5','10712354-2');
INSERT INTO reserva VALUES ('2001','340338',to_date('24/02/23','DD/MM/RR'),'11','12456778-1');
INSERT INTO reserva VALUES ('1788','340115',to_date('25/02/23','DD/MM/RR'),'6','8125781-8');
INSERT INTO reserva VALUES ('1662','340492',to_date('26/02/23','DD/MM/RR'),'11','5446780-0');
INSERT INTO reserva VALUES ('1699','340072',to_date('27/02/23','DD/MM/RR'),'7','12456778-1');
INSERT INTO reserva VALUES ('1950','340483',to_date('27/02/23','DD/MM/RR'),'4','11245678-5');
INSERT INTO reserva VALUES ('1880','340171',to_date('01/03/23','DD/MM/RR'),'4','6467708-6');
INSERT INTO reserva VALUES ('1977','340440',to_date('01/03/23','DD/MM/RR'),'12','10712354-2');
INSERT INTO reserva VALUES ('1628','340241',to_date('03/03/23','DD/MM/RR'),'10','12456778-1');
INSERT INTO reserva VALUES ('1657','340170',to_date('03/03/23','DD/MM/RR'),'9','9912478-3');
INSERT INTO reserva VALUES ('1854','340681',to_date('04/03/23','DD/MM/RR'),'5','6245678-1');
INSERT INTO reserva VALUES ('1651','340014',to_date('06/03/23','DD/MM/RR'),'4','11245678-5');
INSERT INTO reserva VALUES ('1737','340665',to_date('06/03/23','DD/MM/RR'),'9','10125945-7');
INSERT INTO reserva VALUES ('1970','340050',to_date('06/03/23','DD/MM/RR'),'8','10712354-2');
INSERT INTO reserva VALUES ('1795','340193',to_date('08/03/23','DD/MM/RR'),'9','10456789-4');
INSERT INTO reserva VALUES ('1820','340434',to_date('08/03/23','DD/MM/RR'),'4','12456778-1');
INSERT INTO reserva VALUES ('1723','340653',to_date('09/03/23','DD/MM/RR'),'9','10456789-4');
INSERT INTO reserva VALUES ('1775','340225',to_date('09/03/23','DD/MM/RR'),'12','13746912-9');
INSERT INTO reserva VALUES ('1913','340473',to_date('09/03/23','DD/MM/RR'),'11','6467708-6');
INSERT INTO reserva VALUES ('1692','340426',to_date('10/03/23','DD/MM/RR'),'7','13746912-9');
INSERT INTO reserva VALUES ('1709','340365',to_date('11/03/23','DD/MM/RR'),'7','10712354-2');
INSERT INTO reserva VALUES ('1852','340296',to_date('11/03/23','DD/MM/RR'),'8','11245678-5');
INSERT INTO reserva VALUES ('1650','340672',to_date('12/03/23','DD/MM/RR'),'9','10125945-7');
INSERT INTO reserva VALUES ('1798','340396',to_date('12/03/23','DD/MM/RR'),'4','14456789-4');
INSERT INTO reserva VALUES ('1663','340423',to_date('13/03/23','DD/MM/RR'),'4','9912478-3');
INSERT INTO reserva VALUES ('1712','340271',to_date('13/03/23','DD/MM/RR'),'7','9789456-3');
INSERT INTO reserva VALUES ('1733','340149',to_date('15/03/23','DD/MM/RR'),'10','12456778-1');
INSERT INTO reserva VALUES ('1974','340383',to_date('15/03/23','DD/MM/RR'),'10','7812354-2');
INSERT INTO reserva VALUES ('1721','340567',to_date('16/03/23','DD/MM/RR'),'11','11124678-3');
INSERT INTO reserva VALUES ('1694','340103',to_date('17/03/23','DD/MM/RR'),'12','10456789-4');
INSERT INTO reserva VALUES ('1919','340252',to_date('17/03/23','DD/MM/RR'),'9','7812354-2');
INSERT INTO reserva VALUES ('1813','340015',to_date('19/03/23','DD/MM/RR'),'12','9912478-3');
INSERT INTO reserva VALUES ('1848','340112',to_date('19/03/23','DD/MM/RR'),'11','10456789-4');
INSERT INTO reserva VALUES ('1909','340253',to_date('19/03/23','DD/MM/RR'),'4','8125781-8');
INSERT INTO reserva VALUES ('1991','340288',to_date('20/03/23','DD/MM/RR'),'6','6245678-1');
INSERT INTO reserva VALUES ('1786','340016',to_date('21/03/23','DD/MM/RR'),'12','7812354-2');
INSERT INTO reserva VALUES ('1703','340592',to_date('22/03/23','DD/MM/RR'),'11','11124678-3');
INSERT INTO reserva VALUES ('1755','340087',to_date('24/03/23','DD/MM/RR'),'12','6245678-1');
INSERT INTO reserva VALUES ('1683','340398',to_date('25/03/23','DD/MM/RR'),'10','8125781-8');
INSERT INTO reserva VALUES ('1715','340656',to_date('25/03/23','DD/MM/RR'),'7','11245678-5');
INSERT INTO reserva VALUES ('1823','340189',to_date('25/03/23','DD/MM/RR'),'5','10125945-7');
INSERT INTO reserva VALUES ('1647','340580',to_date('27/03/23','DD/MM/RR'),'9','9789456-3');
INSERT INTO reserva VALUES ('1987','340145',to_date('27/03/23','DD/MM/RR'),'6','10456789-4');
INSERT INTO reserva VALUES ('1776','340295',to_date('28/03/23','DD/MM/RR'),'9','10456789-4');
INSERT INTO reserva VALUES ('1837','340002',to_date('29/03/23','DD/MM/RR'),'9','7812354-2');
INSERT INTO reserva VALUES ('1645','340298',to_date('30/03/23','DD/MM/RR'),'8','13746912-9');
INSERT INTO reserva VALUES ('1685','340273',to_date('30/03/23','DD/MM/RR'),'12','10456789-4');
INSERT INTO reserva VALUES ('1840','340021',to_date('31/03/23','DD/MM/RR'),'5','10712354-2');
INSERT INTO reserva VALUES ('1803','340102',to_date('02/04/23','DD/MM/RR'),'11','12456778-1');
INSERT INTO reserva VALUES ('1865','340077',to_date('02/04/23','DD/MM/RR'),'12','8125781-8');
INSERT INTO reserva VALUES ('1722','340573',to_date('05/04/23','DD/MM/RR'),'12','11245678-5');
INSERT INTO reserva VALUES ('1770','340458',to_date('05/04/23','DD/MM/RR'),'5','14456789-4');
INSERT INTO reserva VALUES ('1873','340663',to_date('05/04/23','DD/MM/RR'),'5','13746912-9');
INSERT INTO reserva VALUES ('1665','340518',to_date('06/04/23','DD/MM/RR'),'10','10456789-4');
INSERT INTO reserva VALUES ('1700','340428',to_date('06/04/23','DD/MM/RR'),'12','8125781-8');
INSERT INTO reserva VALUES ('1763','340219',to_date('06/04/23','DD/MM/RR'),'10','6245678-1');
INSERT INTO reserva VALUES ('1801','340467',to_date('06/04/23','DD/MM/RR'),'8','6467708-6');
INSERT INTO reserva VALUES ('1838','340676',to_date('06/04/23','DD/MM/RR'),'6','7812354-2');
INSERT INTO reserva VALUES ('1764','340611',to_date('08/04/23','DD/MM/RR'),'5','8125781-8');
INSERT INTO reserva VALUES ('1769','340364',to_date('08/04/23','DD/MM/RR'),'9','5446780-0');
INSERT INTO reserva VALUES ('1789','340309',to_date('11/04/23','DD/MM/RR'),'10','10456789-4');
INSERT INTO reserva VALUES ('1809','340305',to_date('14/04/23','DD/MM/RR'),'5','8125781-8');
INSERT INTO reserva VALUES ('1968','340381',to_date('14/04/23','DD/MM/RR'),'11','10812874-0');
INSERT INTO reserva VALUES ('1743','340029',to_date('17/04/23','DD/MM/RR'),'11','12456778-1');
INSERT INTO reserva VALUES ('1639','340156',to_date('18/04/23','DD/MM/RR'),'7','10812874-0');
INSERT INTO reserva VALUES ('1888','340672',to_date('18/04/23','DD/MM/RR'),'10','5446780-0');
INSERT INTO reserva VALUES ('1932','340620',to_date('18/04/23','DD/MM/RR'),'9','10812874-0');
INSERT INTO reserva VALUES ('1949','340672',to_date('19/04/23','DD/MM/RR'),'6','14456789-4');
INSERT INTO reserva VALUES ('1958','340453',to_date('19/04/23','DD/MM/RR'),'8','10812874-0');
INSERT INTO reserva VALUES ('2002','340448',to_date('19/04/23','DD/MM/RR'),'6','6245678-1');
INSERT INTO reserva VALUES ('1654','340628',to_date('20/04/23','DD/MM/RR'),'9','6245678-1');
INSERT INTO reserva VALUES ('1805','340321',to_date('20/04/23','DD/MM/RR'),'6','6245678-1');
INSERT INTO reserva VALUES ('1850','340352',to_date('20/04/23','DD/MM/RR'),'7','10812874-0');
INSERT INTO reserva VALUES ('1889','340186',to_date('20/04/23','DD/MM/RR'),'11','6467708-6');
INSERT INTO reserva VALUES ('1637','340192',to_date('21/04/23','DD/MM/RR'),'5','14456789-4');
INSERT INTO reserva VALUES ('1705','340184',to_date('21/04/23','DD/MM/RR'),'12','10456789-4');
INSERT INTO reserva VALUES ('1708','340346',to_date('21/04/23','DD/MM/RR'),'11','6245678-1');
INSERT INTO reserva VALUES ('1825','340626',to_date('22/04/23','DD/MM/RR'),'6','12456778-1');
INSERT INTO reserva VALUES ('2006','340084',to_date('22/04/23','DD/MM/RR'),'11','13746912-9');
INSERT INTO reserva VALUES ('1896','340488',to_date('24/04/23','DD/MM/RR'),'9','14456789-4');
INSERT INTO reserva VALUES ('1724','340204',to_date('27/04/23','DD/MM/RR'),'7','5446780-0');
INSERT INTO reserva VALUES ('1885','340130',to_date('27/04/23','DD/MM/RR'),'10','9912478-3');
INSERT INTO reserva VALUES ('1930','340159',to_date('27/04/23','DD/MM/RR'),'11','5446780-0');
INSERT INTO reserva VALUES ('1920','340523',to_date('28/04/23','DD/MM/RR'),'9','7812354-2');
INSERT INTO reserva VALUES ('1994','340486',to_date('01/05/23','DD/MM/RR'),'5','5446780-0');
INSERT INTO reserva VALUES ('1819','340603',to_date('03/05/23','DD/MM/RR'),'10','11124678-3');
INSERT INTO reserva VALUES ('1871','340220',to_date('03/05/23','DD/MM/RR'),'6','14456789-4');
INSERT INTO reserva VALUES ('1921','340300',to_date('03/05/23','DD/MM/RR'),'12','10812874-0');
INSERT INTO reserva VALUES ('1940','340644',to_date('05/05/23','DD/MM/RR'),'5','5446780-0');
INSERT INTO reserva VALUES ('1791','340240',to_date('08/05/23','DD/MM/RR'),'9','6245678-1');
INSERT INTO reserva VALUES ('1999','340388',to_date('09/05/23','DD/MM/RR'),'4','5446780-0');
INSERT INTO reserva VALUES ('1629','340192',to_date('10/05/23','DD/MM/RR'),'12','5446780-0');
INSERT INTO reserva VALUES ('1839','340256',to_date('10/05/23','DD/MM/RR'),'10','11245678-5');
INSERT INTO reserva VALUES ('1864','340631',to_date('11/05/23','DD/MM/RR'),'11','5446780-0');
INSERT INTO reserva VALUES ('1916','340170',to_date('11/05/23','DD/MM/RR'),'7','10125945-7');
INSERT INTO reserva VALUES ('1667','340644',to_date('12/05/23','DD/MM/RR'),'5','14456789-4');
INSERT INTO reserva VALUES ('1746','340647',to_date('12/05/23','DD/MM/RR'),'7','6245678-1');
INSERT INTO reserva VALUES ('1856','340250',to_date('12/05/23','DD/MM/RR'),'9','13746912-9');
INSERT INTO reserva VALUES ('1863','340656',to_date('12/05/23','DD/MM/RR'),'8','8125781-8');
INSERT INTO reserva VALUES ('1876','340666',to_date('12/05/23','DD/MM/RR'),'6','10712354-2');
INSERT INTO reserva VALUES ('1971','340514',to_date('13/05/23','DD/MM/RR'),'5','12456778-1');
INSERT INTO reserva VALUES ('1640','340321',to_date('15/05/23','DD/MM/RR'),'9','14456789-4');
INSERT INTO reserva VALUES ('1738','340114',to_date('15/05/23','DD/MM/RR'),'8','9912478-3');
INSERT INTO reserva VALUES ('1691','340327',to_date('16/05/23','DD/MM/RR'),'10','9912478-3');
INSERT INTO reserva VALUES ('1810','340246',to_date('17/05/23','DD/MM/RR'),'12','9789456-3');
INSERT INTO reserva VALUES ('1908','340144',to_date('17/05/23','DD/MM/RR'),'11','12456778-1');
INSERT INTO reserva VALUES ('1844','340191',to_date('18/05/23','DD/MM/RR'),'11','14456789-4');
INSERT INTO reserva VALUES ('1887','340246',to_date('19/05/23','DD/MM/RR'),'7','10456789-4');
INSERT INTO reserva VALUES ('1832','340021',to_date('20/05/23','DD/MM/RR'),'8','8125781-8');
INSERT INTO reserva VALUES ('1867','340511',to_date('20/05/23','DD/MM/RR'),'10','13746912-9');
INSERT INTO reserva VALUES ('1938','340152',to_date('20/05/23','DD/MM/RR'),'10','6245678-1');
INSERT INTO reserva VALUES ('1978','340106',to_date('20/05/23','DD/MM/RR'),'7','11124678-3');
INSERT INTO reserva VALUES ('1688','340124',to_date('21/05/23','DD/MM/RR'),'6','10812874-0');
INSERT INTO reserva VALUES ('1739','340287',to_date('21/05/23','DD/MM/RR'),'9','11245678-5');
INSERT INTO reserva VALUES ('1806','340623',to_date('21/05/23','DD/MM/RR'),'9','6245678-1');
INSERT INTO reserva VALUES ('1891','340660',to_date('23/05/23','DD/MM/RR'),'7','11124678-3');
INSERT INTO reserva VALUES ('1701','340171',to_date('24/05/23','DD/MM/RR'),'12','6245678-1');
INSERT INTO reserva VALUES ('1627','340370',to_date('25/05/23','DD/MM/RR'),'12','6467708-6');
INSERT INTO reserva VALUES ('2005','340097',to_date('25/05/23','DD/MM/RR'),'9','9789456-3');
INSERT INTO reserva VALUES ('1936','340410',to_date('26/05/23','DD/MM/RR'),'8','11245678-5');
INSERT INTO reserva VALUES ('1682','340284',to_date('27/05/23','DD/MM/RR'),'7','13746912-9');
INSERT INTO reserva VALUES ('1772','340274',to_date('27/05/23','DD/MM/RR'),'6','10125945-7');
INSERT INTO reserva VALUES ('1862','340455',to_date('27/05/23','DD/MM/RR'),'12','6467708-6');
INSERT INTO reserva VALUES ('1963','340483',to_date('27/05/23','DD/MM/RR'),'6','6245678-1');
INSERT INTO reserva VALUES ('1784','340688',to_date('28/05/23','DD/MM/RR'),'10','11124678-3');
INSERT INTO reserva VALUES ('1904','340250',to_date('28/05/23','DD/MM/RR'),'9','10125945-7');
INSERT INTO reserva VALUES ('1828','340583',to_date('29/05/23','DD/MM/RR'),'6','8125781-8');
INSERT INTO reserva VALUES ('1670','340001',to_date('30/05/23','DD/MM/RR'),'11','10712354-2');
INSERT INTO reserva VALUES ('1816','340460',to_date('30/05/23','DD/MM/RR'),'5','9912478-3');
INSERT INTO reserva VALUES ('1941','340060',to_date('31/05/23','DD/MM/RR'),'11','12456778-1');
INSERT INTO reserva VALUES ('1802','340133',to_date('01/06/23','DD/MM/RR'),'5','10712354-2');
INSERT INTO reserva VALUES ('1870','340049',to_date('01/06/23','DD/MM/RR'),'11','6245678-1');
INSERT INTO reserva VALUES ('1892','340370',to_date('01/06/23','DD/MM/RR'),'11','10456789-4');
INSERT INTO reserva VALUES ('1955','340096',to_date('02/06/23','DD/MM/RR'),'10','9912478-3');
INSERT INTO reserva VALUES ('1642','340513',to_date('03/06/23','DD/MM/RR'),'6','9912478-3');
INSERT INTO reserva VALUES ('1792','340470',to_date('03/06/23','DD/MM/RR'),'9','11124678-3');
INSERT INTO reserva VALUES ('1756','340469',to_date('05/06/23','DD/MM/RR'),'4','7812354-2');
INSERT INTO reserva VALUES ('1744','340516',to_date('06/06/23','DD/MM/RR'),'7','8125781-8');
INSERT INTO reserva VALUES ('1777','340419',to_date('06/06/23','DD/MM/RR'),'10','10456789-4');
INSERT INTO reserva VALUES ('1726','340251',to_date('07/06/23','DD/MM/RR'),'10','13746912-9');
INSERT INTO reserva VALUES ('1911','340463',to_date('09/06/23','DD/MM/RR'),'6','9789456-3');
INSERT INTO reserva VALUES ('1931','340251',to_date('09/06/23','DD/MM/RR'),'12','10712354-2');
INSERT INTO reserva VALUES ('1859','340700',to_date('10/06/23','DD/MM/RR'),'11','5446780-0');
INSERT INTO reserva VALUES ('1778','340294',to_date('11/06/23','DD/MM/RR'),'5','9912478-3');
INSERT INTO reserva VALUES ('1804','340150',to_date('11/06/23','DD/MM/RR'),'12','8125781-8');
INSERT INTO reserva VALUES ('1630','340359',to_date('12/06/23','DD/MM/RR'),'5','13746912-9');
INSERT INTO reserva VALUES ('1797','340493',to_date('12/06/23','DD/MM/RR'),'10','11245678-5');
INSERT INTO reserva VALUES ('1928','340521',to_date('12/06/23','DD/MM/RR'),'10','13746912-9');
INSERT INTO reserva VALUES ('1661','340015',to_date('13/06/23','DD/MM/RR'),'4','13746912-9');
INSERT INTO reserva VALUES ('1995','340157',to_date('13/06/23','DD/MM/RR'),'11','9912478-3');
INSERT INTO reserva VALUES ('1632','340617',to_date('14/06/23','DD/MM/RR'),'4','9912478-3');
INSERT INTO reserva VALUES ('1656','340301',to_date('14/06/23','DD/MM/RR'),'6','5446780-0');

INSERT INTO DETALLE_RESERVA VALUES ('862','602');
INSERT INTO DETALLE_RESERVA VALUES ('862','405');
INSERT INTO DETALLE_RESERVA VALUES ('862','206');
INSERT INTO DETALLE_RESERVA VALUES ('862','204');
INSERT INTO DETALLE_RESERVA VALUES ('864','202');
INSERT INTO DETALLE_RESERVA VALUES ('865','201');
INSERT INTO DETALLE_RESERVA VALUES ('866','505');
INSERT INTO DETALLE_RESERVA VALUES ('867','601');
INSERT INTO DETALLE_RESERVA VALUES ('868','306');
INSERT INTO DETALLE_RESERVA VALUES ('871','201');
INSERT INTO DETALLE_RESERVA VALUES ('872','602');
INSERT INTO DETALLE_RESERVA VALUES ('872','306');
INSERT INTO DETALLE_RESERVA VALUES ('873','603');
INSERT INTO DETALLE_RESERVA VALUES ('874','204');
INSERT INTO DETALLE_RESERVA VALUES ('875','504');
INSERT INTO DETALLE_RESERVA VALUES ('877','707');
INSERT INTO DETALLE_RESERVA VALUES ('880','605');
INSERT INTO DETALLE_RESERVA VALUES ('880','203');
INSERT INTO DETALLE_RESERVA VALUES ('883','405');
INSERT INTO DETALLE_RESERVA VALUES ('883','801');
INSERT INTO DETALLE_RESERVA VALUES ('884','701');
INSERT INTO DETALLE_RESERVA VALUES ('886','501');
INSERT INTO DETALLE_RESERVA VALUES ('887','507');
INSERT INTO DETALLE_RESERVA VALUES ('888','103');
INSERT INTO DETALLE_RESERVA VALUES ('888','206');
INSERT INTO DETALLE_RESERVA VALUES ('888','503');
INSERT INTO DETALLE_RESERVA VALUES ('889','201');
INSERT INTO DETALLE_RESERVA VALUES ('889','801');
INSERT INTO DETALLE_RESERVA VALUES ('889','704');
INSERT INTO DETALLE_RESERVA VALUES ('889','207');
INSERT INTO DETALLE_RESERVA VALUES ('890','803');
INSERT INTO DETALLE_RESERVA VALUES ('891','304');
INSERT INTO DETALLE_RESERVA VALUES ('892','501');
INSERT INTO DETALLE_RESERVA VALUES ('893','508');
INSERT INTO DETALLE_RESERVA VALUES ('893','502');
INSERT INTO DETALLE_RESERVA VALUES ('894','209');
INSERT INTO DETALLE_RESERVA VALUES ('896','706');
INSERT INTO DETALLE_RESERVA VALUES ('896','107');
INSERT INTO DETALLE_RESERVA VALUES ('896','707');
INSERT INTO DETALLE_RESERVA VALUES ('898','201');
INSERT INTO DETALLE_RESERVA VALUES ('900','102');
INSERT INTO DETALLE_RESERVA VALUES ('901','706');
INSERT INTO DETALLE_RESERVA VALUES ('902','502');
INSERT INTO DETALLE_RESERVA VALUES ('905','705');
INSERT INTO DETALLE_RESERVA VALUES ('907','605');
INSERT INTO DETALLE_RESERVA VALUES ('907','505');
INSERT INTO DETALLE_RESERVA VALUES ('909','706');
INSERT INTO DETALLE_RESERVA VALUES ('909','306');
INSERT INTO DETALLE_RESERVA VALUES ('910','106');
INSERT INTO DETALLE_RESERVA VALUES ('911','101');
INSERT INTO DETALLE_RESERVA VALUES ('912','701');
INSERT INTO DETALLE_RESERVA VALUES ('914','104');
INSERT INTO DETALLE_RESERVA VALUES ('914','404');
INSERT INTO DETALLE_RESERVA VALUES ('915','307');
INSERT INTO DETALLE_RESERVA VALUES ('916','502');
INSERT INTO DETALLE_RESERVA VALUES ('918','201');
INSERT INTO DETALLE_RESERVA VALUES ('918','604');
INSERT INTO DETALLE_RESERVA VALUES ('918','502');
INSERT INTO DETALLE_RESERVA VALUES ('919','507');
INSERT INTO DETALLE_RESERVA VALUES ('920','303');
INSERT INTO DETALLE_RESERVA VALUES ('921','602');
INSERT INTO DETALLE_RESERVA VALUES ('923','507');
INSERT INTO DETALLE_RESERVA VALUES ('924','405');
INSERT INTO DETALLE_RESERVA VALUES ('925','901');
INSERT INTO DETALLE_RESERVA VALUES ('926','104');
INSERT INTO DETALLE_RESERVA VALUES ('926','508');
INSERT INTO DETALLE_RESERVA VALUES ('927','305');
INSERT INTO DETALLE_RESERVA VALUES ('929','607');
INSERT INTO DETALLE_RESERVA VALUES ('931','202');
INSERT INTO DETALLE_RESERVA VALUES ('931','104');
INSERT INTO DETALLE_RESERVA VALUES ('933','406');
INSERT INTO DETALLE_RESERVA VALUES ('933','101');
INSERT INTO DETALLE_RESERVA VALUES ('934','705');
INSERT INTO DETALLE_RESERVA VALUES ('935','702');
INSERT INTO DETALLE_RESERVA VALUES ('937','308');
INSERT INTO DETALLE_RESERVA VALUES ('938','108');
INSERT INTO DETALLE_RESERVA VALUES ('938','303');
INSERT INTO DETALLE_RESERVA VALUES ('940','702');
INSERT INTO DETALLE_RESERVA VALUES ('940','109');
INSERT INTO DETALLE_RESERVA VALUES ('940','801');
INSERT INTO DETALLE_RESERVA VALUES ('941','503');
INSERT INTO DETALLE_RESERVA VALUES ('941','205');
INSERT INTO DETALLE_RESERVA VALUES ('942','701');
INSERT INTO DETALLE_RESERVA VALUES ('944','404');
INSERT INTO DETALLE_RESERVA VALUES ('944','207');
INSERT INTO DETALLE_RESERVA VALUES ('946','305');
INSERT INTO DETALLE_RESERVA VALUES ('947','201');
INSERT INTO DETALLE_RESERVA VALUES ('948','106');
INSERT INTO DETALLE_RESERVA VALUES ('950','602');
INSERT INTO DETALLE_RESERVA VALUES ('951','304');
INSERT INTO DETALLE_RESERVA VALUES ('952','901');
INSERT INTO DETALLE_RESERVA VALUES ('952','601');
INSERT INTO DETALLE_RESERVA VALUES ('952','106');
INSERT INTO DETALLE_RESERVA VALUES ('953','406');
INSERT INTO DETALLE_RESERVA VALUES ('956','707');
INSERT INTO DETALLE_RESERVA VALUES ('957','707');
INSERT INTO DETALLE_RESERVA VALUES ('958','307');
INSERT INTO DETALLE_RESERVA VALUES ('958','108');
INSERT INTO DETALLE_RESERVA VALUES ('958','105');
INSERT INTO DETALLE_RESERVA VALUES ('958','901');
INSERT INTO DETALLE_RESERVA VALUES ('959','405');
INSERT INTO DETALLE_RESERVA VALUES ('959','507');
INSERT INTO DETALLE_RESERVA VALUES ('960','302');
INSERT INTO DETALLE_RESERVA VALUES ('960','502');
INSERT INTO DETALLE_RESERVA VALUES ('960','901');
INSERT INTO DETALLE_RESERVA VALUES ('961','702');
INSERT INTO DETALLE_RESERVA VALUES ('962','702');
INSERT INTO DETALLE_RESERVA VALUES ('965','303');
INSERT INTO DETALLE_RESERVA VALUES ('965','205');
INSERT INTO DETALLE_RESERVA VALUES ('966','208');
INSERT INTO DETALLE_RESERVA VALUES ('968','207');
INSERT INTO DETALLE_RESERVA VALUES ('971','308');
INSERT INTO DETALLE_RESERVA VALUES ('974','702');
INSERT INTO DETALLE_RESERVA VALUES ('977','803');
INSERT INTO DETALLE_RESERVA VALUES ('977','705');
INSERT INTO DETALLE_RESERVA VALUES ('978','501');
INSERT INTO DETALLE_RESERVA VALUES ('979','706');
INSERT INTO DETALLE_RESERVA VALUES ('979','703');
INSERT INTO DETALLE_RESERVA VALUES ('980','106');
INSERT INTO DETALLE_RESERVA VALUES ('981','601');
INSERT INTO DETALLE_RESERVA VALUES ('981','105');
INSERT INTO DETALLE_RESERVA VALUES ('984','507');
INSERT INTO DETALLE_RESERVA VALUES ('986','402');
INSERT INTO DETALLE_RESERVA VALUES ('987','705');
INSERT INTO DETALLE_RESERVA VALUES ('988','801');
INSERT INTO DETALLE_RESERVA VALUES ('988','606');
INSERT INTO DETALLE_RESERVA VALUES ('989','602');
INSERT INTO DETALLE_RESERVA VALUES ('989','404');
INSERT INTO DETALLE_RESERVA VALUES ('989','106');
INSERT INTO DETALLE_RESERVA VALUES ('991','707');
INSERT INTO DETALLE_RESERVA VALUES ('991','901');
INSERT INTO DETALLE_RESERVA VALUES ('992','306');
INSERT INTO DETALLE_RESERVA VALUES ('994','604');
INSERT INTO DETALLE_RESERVA VALUES ('994','501');
INSERT INTO DETALLE_RESERVA VALUES ('994','605');
INSERT INTO DETALLE_RESERVA VALUES ('995','505');
INSERT INTO DETALLE_RESERVA VALUES ('995','604');
INSERT INTO DETALLE_RESERVA VALUES ('996','105');
INSERT INTO DETALLE_RESERVA VALUES ('996','602');
INSERT INTO DETALLE_RESERVA VALUES ('996','803');
INSERT INTO DETALLE_RESERVA VALUES ('997','602');
INSERT INTO DETALLE_RESERVA VALUES ('998','506');
INSERT INTO DETALLE_RESERVA VALUES ('1000','401');
INSERT INTO DETALLE_RESERVA VALUES ('1001','402');
INSERT INTO DETALLE_RESERVA VALUES ('1004','601');
INSERT INTO DETALLE_RESERVA VALUES ('1005','303');
INSERT INTO DETALLE_RESERVA VALUES ('1006','104');
INSERT INTO DETALLE_RESERVA VALUES ('1006','705');
INSERT INTO DETALLE_RESERVA VALUES ('1007','607');
INSERT INTO DETALLE_RESERVA VALUES ('1007','306');
INSERT INTO DETALLE_RESERVA VALUES ('1010','505');
INSERT INTO DETALLE_RESERVA VALUES ('1010','305');
INSERT INTO DETALLE_RESERVA VALUES ('1013','605');
INSERT INTO DETALLE_RESERVA VALUES ('1013','402');
INSERT INTO DETALLE_RESERVA VALUES ('1013','301');
INSERT INTO DETALLE_RESERVA VALUES ('1015','503');
INSERT INTO DETALLE_RESERVA VALUES ('1016','302');
INSERT INTO DETALLE_RESERVA VALUES ('1016','704');
INSERT INTO DETALLE_RESERVA VALUES ('1019','703');
INSERT INTO DETALLE_RESERVA VALUES ('1020','103');
INSERT INTO DETALLE_RESERVA VALUES ('1021','706');
INSERT INTO DETALLE_RESERVA VALUES ('1021','506');
INSERT INTO DETALLE_RESERVA VALUES ('1021','803');
INSERT INTO DETALLE_RESERVA VALUES ('1023','406');
INSERT INTO DETALLE_RESERVA VALUES ('1024','301');
INSERT INTO DETALLE_RESERVA VALUES ('1025','204');
INSERT INTO DETALLE_RESERVA VALUES ('1025','502');
INSERT INTO DETALLE_RESERVA VALUES ('1027','201');
INSERT INTO DETALLE_RESERVA VALUES ('1030','205');
INSERT INTO DETALLE_RESERVA VALUES ('1030','801');
INSERT INTO DETALLE_RESERVA VALUES ('1030','308');
INSERT INTO DETALLE_RESERVA VALUES ('1030','505');
INSERT INTO DETALLE_RESERVA VALUES ('1033','601');
INSERT INTO DETALLE_RESERVA VALUES ('1034','703');
INSERT INTO DETALLE_RESERVA VALUES ('1034','606');
INSERT INTO DETALLE_RESERVA VALUES ('1034','502');
INSERT INTO DETALLE_RESERVA VALUES ('1035','402');
INSERT INTO DETALLE_RESERVA VALUES ('1036','109');
INSERT INTO DETALLE_RESERVA VALUES ('1036','601');
INSERT INTO DETALLE_RESERVA VALUES ('1036','702');
INSERT INTO DETALLE_RESERVA VALUES ('1037','109');
INSERT INTO DETALLE_RESERVA VALUES ('1039','803');
INSERT INTO DETALLE_RESERVA VALUES ('1039','404');
INSERT INTO DETALLE_RESERVA VALUES ('1041','206');
INSERT INTO DETALLE_RESERVA VALUES ('1041','109');
INSERT INTO DETALLE_RESERVA VALUES ('1043','201');
INSERT INTO DETALLE_RESERVA VALUES ('1044','308');
INSERT INTO DETALLE_RESERVA VALUES ('1045','901');
INSERT INTO DETALLE_RESERVA VALUES ('1047','204');
INSERT INTO DETALLE_RESERVA VALUES ('1049','504');
INSERT INTO DETALLE_RESERVA VALUES ('1050','701');
INSERT INTO DETALLE_RESERVA VALUES ('1050','603');
INSERT INTO DETALLE_RESERVA VALUES ('1051','502');
INSERT INTO DETALLE_RESERVA VALUES ('1051','601');
INSERT INTO DETALLE_RESERVA VALUES ('1051','707');
INSERT INTO DETALLE_RESERVA VALUES ('1052','801');
INSERT INTO DETALLE_RESERVA VALUES ('1052','205');
INSERT INTO DETALLE_RESERVA VALUES ('1056','707');
INSERT INTO DETALLE_RESERVA VALUES ('1057','305');
INSERT INTO DETALLE_RESERVA VALUES ('1057','901');
INSERT INTO DETALLE_RESERVA VALUES ('1058','803');
INSERT INTO DETALLE_RESERVA VALUES ('1059','106');
INSERT INTO DETALLE_RESERVA VALUES ('1059','503');
INSERT INTO DETALLE_RESERVA VALUES ('1060','105');
INSERT INTO DETALLE_RESERVA VALUES ('1060','101');
INSERT INTO DETALLE_RESERVA VALUES ('1061','402');
INSERT INTO DETALLE_RESERVA VALUES ('1062','704');
INSERT INTO DETALLE_RESERVA VALUES ('1063','707');
INSERT INTO DETALLE_RESERVA VALUES ('1063','504');
INSERT INTO DETALLE_RESERVA VALUES ('1064','503');
INSERT INTO DETALLE_RESERVA VALUES ('1064','404');
INSERT INTO DETALLE_RESERVA VALUES ('1066','105');
INSERT INTO DETALLE_RESERVA VALUES ('1067','102');
INSERT INTO DETALLE_RESERVA VALUES ('1069','201');
INSERT INTO DETALLE_RESERVA VALUES ('1070','503');
INSERT INTO DETALLE_RESERVA VALUES ('1072','605');
INSERT INTO DETALLE_RESERVA VALUES ('1073','207');
INSERT INTO DETALLE_RESERVA VALUES ('1073','606');
INSERT INTO DETALLE_RESERVA VALUES ('1073','701');
INSERT INTO DETALLE_RESERVA VALUES ('1075','102');
INSERT INTO DETALLE_RESERVA VALUES ('1075','103');
INSERT INTO DETALLE_RESERVA VALUES ('1075','308');
INSERT INTO DETALLE_RESERVA VALUES ('1075','508');
INSERT INTO DETALLE_RESERVA VALUES ('1076','803');
INSERT INTO DETALLE_RESERVA VALUES ('1078','504');
INSERT INTO DETALLE_RESERVA VALUES ('1079','105');
INSERT INTO DETALLE_RESERVA VALUES ('1080','203');
INSERT INTO DETALLE_RESERVA VALUES ('1080','605');
INSERT INTO DETALLE_RESERVA VALUES ('1081','501');
INSERT INTO DETALLE_RESERVA VALUES ('1081','303');
INSERT INTO DETALLE_RESERVA VALUES ('1082','603');
INSERT INTO DETALLE_RESERVA VALUES ('1082','706');
INSERT INTO DETALLE_RESERVA VALUES ('1083','108');
INSERT INTO DETALLE_RESERVA VALUES ('1084','407');
INSERT INTO DETALLE_RESERVA VALUES ('1085','403');
INSERT INTO DETALLE_RESERVA VALUES ('1088','506');
INSERT INTO DETALLE_RESERVA VALUES ('1088','207');
INSERT INTO DETALLE_RESERVA VALUES ('1089','403');
INSERT INTO DETALLE_RESERVA VALUES ('1089','801');
INSERT INTO DETALLE_RESERVA VALUES ('1089','704');
INSERT INTO DETALLE_RESERVA VALUES ('1090','506');
INSERT INTO DETALLE_RESERVA VALUES ('1090','406');
INSERT INTO DETALLE_RESERVA VALUES ('1092','209');
INSERT INTO DETALLE_RESERVA VALUES ('1093','606');
INSERT INTO DETALLE_RESERVA VALUES ('1093','304');
INSERT INTO DETALLE_RESERVA VALUES ('1093','604');
INSERT INTO DETALLE_RESERVA VALUES ('1095','706');
INSERT INTO DETALLE_RESERVA VALUES ('1095','105');
INSERT INTO DETALLE_RESERVA VALUES ('1097','503');
INSERT INTO DETALLE_RESERVA VALUES ('1099','502');
INSERT INTO DETALLE_RESERVA VALUES ('1099','204');
INSERT INTO DETALLE_RESERVA VALUES ('1100','502');
INSERT INTO DETALLE_RESERVA VALUES ('1102','503');
INSERT INTO DETALLE_RESERVA VALUES ('1102','302');
INSERT INTO DETALLE_RESERVA VALUES ('1104','103');
INSERT INTO DETALLE_RESERVA VALUES ('1105','508');
INSERT INTO DETALLE_RESERVA VALUES ('1105','403');
INSERT INTO DETALLE_RESERVA VALUES ('1106','605');
INSERT INTO DETALLE_RESERVA VALUES ('1106','205');
INSERT INTO DETALLE_RESERVA VALUES ('1108','506');
INSERT INTO DETALLE_RESERVA VALUES ('1108','101');
INSERT INTO DETALLE_RESERVA VALUES ('1109','402');
INSERT INTO DETALLE_RESERVA VALUES ('1110','209');
INSERT INTO DETALLE_RESERVA VALUES ('1112','704');
INSERT INTO DETALLE_RESERVA VALUES ('1113','802');
INSERT INTO DETALLE_RESERVA VALUES ('1115','305');
INSERT INTO DETALLE_RESERVA VALUES ('1116','304');
INSERT INTO DETALLE_RESERVA VALUES ('1120','305');
INSERT INTO DETALLE_RESERVA VALUES ('1121','308');
INSERT INTO DETALLE_RESERVA VALUES ('1122','801');
INSERT INTO DETALLE_RESERVA VALUES ('1122','703');
INSERT INTO DETALLE_RESERVA VALUES ('1122','603');
INSERT INTO DETALLE_RESERVA VALUES ('1124','704');
INSERT INTO DETALLE_RESERVA VALUES ('1126','307');
INSERT INTO DETALLE_RESERVA VALUES ('1126','604');
INSERT INTO DETALLE_RESERVA VALUES ('1127','204');
INSERT INTO DETALLE_RESERVA VALUES ('1128','105');
INSERT INTO DETALLE_RESERVA VALUES ('1129','404');
INSERT INTO DETALLE_RESERVA VALUES ('1129','303');
INSERT INTO DETALLE_RESERVA VALUES ('1130','206');
INSERT INTO DETALLE_RESERVA VALUES ('1131','501');
INSERT INTO DETALLE_RESERVA VALUES ('1131','203');
INSERT INTO DETALLE_RESERVA VALUES ('1132','404');
INSERT INTO DETALLE_RESERVA VALUES ('1133','206');
INSERT INTO DETALLE_RESERVA VALUES ('1137','406');
INSERT INTO DETALLE_RESERVA VALUES ('1137','202');
INSERT INTO DETALLE_RESERVA VALUES ('1137','206');
INSERT INTO DETALLE_RESERVA VALUES ('1140','505');
INSERT INTO DETALLE_RESERVA VALUES ('1141','407');
INSERT INTO DETALLE_RESERVA VALUES ('1142','602');
INSERT INTO DETALLE_RESERVA VALUES ('1143','207');
INSERT INTO DETALLE_RESERVA VALUES ('1144','506');
INSERT INTO DETALLE_RESERVA VALUES ('1144','303');
INSERT INTO DETALLE_RESERVA VALUES ('1146','305');
INSERT INTO DETALLE_RESERVA VALUES ('1147','607');
INSERT INTO DETALLE_RESERVA VALUES ('1148','301');
INSERT INTO DETALLE_RESERVA VALUES ('1149','405');
INSERT INTO DETALLE_RESERVA VALUES ('1149','402');
INSERT INTO DETALLE_RESERVA VALUES ('1150','202');
INSERT INTO DETALLE_RESERVA VALUES ('1150','706');
INSERT INTO DETALLE_RESERVA VALUES ('1151','302');
INSERT INTO DETALLE_RESERVA VALUES ('1152','207');
INSERT INTO DETALLE_RESERVA VALUES ('1152','504');
INSERT INTO DETALLE_RESERVA VALUES ('1153','508');
INSERT INTO DETALLE_RESERVA VALUES ('1153','607');
INSERT INTO DETALLE_RESERVA VALUES ('1154','208');
INSERT INTO DETALLE_RESERVA VALUES ('1154','109');
INSERT INTO DETALLE_RESERVA VALUES ('1155','704');
INSERT INTO DETALLE_RESERVA VALUES ('1155','108');
INSERT INTO DETALLE_RESERVA VALUES ('1156','204');
INSERT INTO DETALLE_RESERVA VALUES ('1157','106');
INSERT INTO DETALLE_RESERVA VALUES ('1157','305');
INSERT INTO DETALLE_RESERVA VALUES ('1158','703');
INSERT INTO DETALLE_RESERVA VALUES ('1158','208');
INSERT INTO DETALLE_RESERVA VALUES ('1160','307');
INSERT INTO DETALLE_RESERVA VALUES ('1161','201');
INSERT INTO DETALLE_RESERVA VALUES ('1161','801');
INSERT INTO DETALLE_RESERVA VALUES ('1164','801');
INSERT INTO DETALLE_RESERVA VALUES ('1165','108');
INSERT INTO DETALLE_RESERVA VALUES ('1165','304');
INSERT INTO DETALLE_RESERVA VALUES ('1166','304');
INSERT INTO DETALLE_RESERVA VALUES ('1168','606');
INSERT INTO DETALLE_RESERVA VALUES ('1169','505');
INSERT INTO DETALLE_RESERVA VALUES ('1170','202');
INSERT INTO DETALLE_RESERVA VALUES ('1173','106');
INSERT INTO DETALLE_RESERVA VALUES ('1176','403');
INSERT INTO DETALLE_RESERVA VALUES ('1179','601');
INSERT INTO DETALLE_RESERVA VALUES ('1180','507');
INSERT INTO DETALLE_RESERVA VALUES ('1180','401');
INSERT INTO DETALLE_RESERVA VALUES ('1181','803');
INSERT INTO DETALLE_RESERVA VALUES ('1182','705');
INSERT INTO DETALLE_RESERVA VALUES ('1182','502');
INSERT INTO DETALLE_RESERVA VALUES ('1182','109');
INSERT INTO DETALLE_RESERVA VALUES ('1182','304');
INSERT INTO DETALLE_RESERVA VALUES ('1183','105');
INSERT INTO DETALLE_RESERVA VALUES ('1183','602');
INSERT INTO DETALLE_RESERVA VALUES ('1186','803');
INSERT INTO DETALLE_RESERVA VALUES ('1186','209');
INSERT INTO DETALLE_RESERVA VALUES ('1187','106');
INSERT INTO DETALLE_RESERVA VALUES ('1187','305');
INSERT INTO DETALLE_RESERVA VALUES ('1188','207');
INSERT INTO DETALLE_RESERVA VALUES ('1188','706');
INSERT INTO DETALLE_RESERVA VALUES ('1190','402');
INSERT INTO DETALLE_RESERVA VALUES ('1190','401');
INSERT INTO DETALLE_RESERVA VALUES ('1190','601');
INSERT INTO DETALLE_RESERVA VALUES ('1192','202');
INSERT INTO DETALLE_RESERVA VALUES ('1193','602');
INSERT INTO DETALLE_RESERVA VALUES ('1193','207');
INSERT INTO DETALLE_RESERVA VALUES ('1194','505');
INSERT INTO DETALLE_RESERVA VALUES ('1196','204');
INSERT INTO DETALLE_RESERVA VALUES ('1200','406');
INSERT INTO DETALLE_RESERVA VALUES ('1201','404');
INSERT INTO DETALLE_RESERVA VALUES ('1202','201');
INSERT INTO DETALLE_RESERVA VALUES ('1203','402');
INSERT INTO DETALLE_RESERVA VALUES ('1204','603');
INSERT INTO DETALLE_RESERVA VALUES ('1206','305');
INSERT INTO DETALLE_RESERVA VALUES ('1208','205');
INSERT INTO DETALLE_RESERVA VALUES ('1208','303');
INSERT INTO DETALLE_RESERVA VALUES ('1209','404');
INSERT INTO DETALLE_RESERVA VALUES ('1211','803');
INSERT INTO DETALLE_RESERVA VALUES ('1212','502');
INSERT INTO DETALLE_RESERVA VALUES ('1213','703');
INSERT INTO DETALLE_RESERVA VALUES ('1215','601');
INSERT INTO DETALLE_RESERVA VALUES ('1215','605');
INSERT INTO DETALLE_RESERVA VALUES ('1215','502');
INSERT INTO DETALLE_RESERVA VALUES ('1216','103');
INSERT INTO DETALLE_RESERVA VALUES ('1218','704');
INSERT INTO DETALLE_RESERVA VALUES ('1218','606');
INSERT INTO DETALLE_RESERVA VALUES ('1219','707');
INSERT INTO DETALLE_RESERVA VALUES ('1220','406');
INSERT INTO DETALLE_RESERVA VALUES ('1220','308');
INSERT INTO DETALLE_RESERVA VALUES ('1221','108');
INSERT INTO DETALLE_RESERVA VALUES ('1221','702');
INSERT INTO DETALLE_RESERVA VALUES ('1222','308');
INSERT INTO DETALLE_RESERVA VALUES ('1223','801');
INSERT INTO DETALLE_RESERVA VALUES ('1225','406');
INSERT INTO DETALLE_RESERVA VALUES ('1228','307');
INSERT INTO DETALLE_RESERVA VALUES ('1228','803');
INSERT INTO DETALLE_RESERVA VALUES ('1230','606');
INSERT INTO DETALLE_RESERVA VALUES ('1231','105');
INSERT INTO DETALLE_RESERVA VALUES ('1231','801');
INSERT INTO DETALLE_RESERVA VALUES ('1231','901');
INSERT INTO DETALLE_RESERVA VALUES ('1232','706');
INSERT INTO DETALLE_RESERVA VALUES ('1232','701');
INSERT INTO DETALLE_RESERVA VALUES ('1236','507');
INSERT INTO DETALLE_RESERVA VALUES ('1236','101');
INSERT INTO DETALLE_RESERVA VALUES ('1236','209');
INSERT INTO DETALLE_RESERVA VALUES ('1238','103');
INSERT INTO DETALLE_RESERVA VALUES ('1240','201');
INSERT INTO DETALLE_RESERVA VALUES ('1245','305');
INSERT INTO DETALLE_RESERVA VALUES ('1248','305');
INSERT INTO DETALLE_RESERVA VALUES ('1249','707');
INSERT INTO DETALLE_RESERVA VALUES ('1250','501');
INSERT INTO DETALLE_RESERVA VALUES ('1251','505');
INSERT INTO DETALLE_RESERVA VALUES ('1254','803');
INSERT INTO DETALLE_RESERVA VALUES ('1254','707');
INSERT INTO DETALLE_RESERVA VALUES ('1254','503');
INSERT INTO DETALLE_RESERVA VALUES ('1256','105');
INSERT INTO DETALLE_RESERVA VALUES ('1256','206');
INSERT INTO DETALLE_RESERVA VALUES ('1257','602');
INSERT INTO DETALLE_RESERVA VALUES ('1257','205');
INSERT INTO DETALLE_RESERVA VALUES ('1260','507');
INSERT INTO DETALLE_RESERVA VALUES ('1261','801');
INSERT INTO DETALLE_RESERVA VALUES ('1262','403');
INSERT INTO DETALLE_RESERVA VALUES ('1265','704');
INSERT INTO DETALLE_RESERVA VALUES ('1265','404');
INSERT INTO DETALLE_RESERVA VALUES ('1266','401');
INSERT INTO DETALLE_RESERVA VALUES ('1266','301');
INSERT INTO DETALLE_RESERVA VALUES ('1267','601');
INSERT INTO DETALLE_RESERVA VALUES ('1268','308');
INSERT INTO DETALLE_RESERVA VALUES ('1269','704');
INSERT INTO DETALLE_RESERVA VALUES ('1274','602');
INSERT INTO DETALLE_RESERVA VALUES ('1275','403');
INSERT INTO DETALLE_RESERVA VALUES ('1276','104');
INSERT INTO DETALLE_RESERVA VALUES ('1277','607');
INSERT INTO DETALLE_RESERVA VALUES ('1278','206');
INSERT INTO DETALLE_RESERVA VALUES ('1279','204');
INSERT INTO DETALLE_RESERVA VALUES ('1279','108');
INSERT INTO DETALLE_RESERVA VALUES ('1281','102');
INSERT INTO DETALLE_RESERVA VALUES ('1289','204');
INSERT INTO DETALLE_RESERVA VALUES ('1290','207');
INSERT INTO DETALLE_RESERVA VALUES ('1291','704');
INSERT INTO DETALLE_RESERVA VALUES ('1292','704');
INSERT INTO DETALLE_RESERVA VALUES ('1294','306');
INSERT INTO DETALLE_RESERVA VALUES ('1294','504');
INSERT INTO DETALLE_RESERVA VALUES ('1296','505');
INSERT INTO DETALLE_RESERVA VALUES ('1296','305');
INSERT INTO DETALLE_RESERVA VALUES ('1297','607');
INSERT INTO DETALLE_RESERVA VALUES ('1297','703');
INSERT INTO DETALLE_RESERVA VALUES ('1298','305');
INSERT INTO DETALLE_RESERVA VALUES ('1299','504');
INSERT INTO DETALLE_RESERVA VALUES ('1301','208');
INSERT INTO DETALLE_RESERVA VALUES ('1303','504');
INSERT INTO DETALLE_RESERVA VALUES ('1303','103');
INSERT INTO DETALLE_RESERVA VALUES ('1304','405');
INSERT INTO DETALLE_RESERVA VALUES ('1305','106');
INSERT INTO DETALLE_RESERVA VALUES ('1308','103');
INSERT INTO DETALLE_RESERVA VALUES ('1308','801');
INSERT INTO DETALLE_RESERVA VALUES ('1308','703');
INSERT INTO DETALLE_RESERVA VALUES ('1308','109');
INSERT INTO DETALLE_RESERVA VALUES ('1309','107');
INSERT INTO DETALLE_RESERVA VALUES ('1309','304');
INSERT INTO DETALLE_RESERVA VALUES ('1309','802');
INSERT INTO DETALLE_RESERVA VALUES ('1311','303');
INSERT INTO DETALLE_RESERVA VALUES ('1312','304');
INSERT INTO DETALLE_RESERVA VALUES ('1314','208');
INSERT INTO DETALLE_RESERVA VALUES ('1316','702');
INSERT INTO DETALLE_RESERVA VALUES ('1316','504');
INSERT INTO DETALLE_RESERVA VALUES ('1317','605');
INSERT INTO DETALLE_RESERVA VALUES ('1319','107');
INSERT INTO DETALLE_RESERVA VALUES ('1320','405');
INSERT INTO DETALLE_RESERVA VALUES ('1321','201');
INSERT INTO DETALLE_RESERVA VALUES ('1321','406');
INSERT INTO DETALLE_RESERVA VALUES ('1321','105');
INSERT INTO DETALLE_RESERVA VALUES ('1321','901');
INSERT INTO DETALLE_RESERVA VALUES ('1322','202');
INSERT INTO DETALLE_RESERVA VALUES ('1324','605');
INSERT INTO DETALLE_RESERVA VALUES ('1326','605');
INSERT INTO DETALLE_RESERVA VALUES ('1326','704');
INSERT INTO DETALLE_RESERVA VALUES ('1327','503');
INSERT INTO DETALLE_RESERVA VALUES ('1327','103');
INSERT INTO DETALLE_RESERVA VALUES ('1328','802');
INSERT INTO DETALLE_RESERVA VALUES ('1331','706');
INSERT INTO DETALLE_RESERVA VALUES ('1333','801');
INSERT INTO DETALLE_RESERVA VALUES ('1335','208');
INSERT INTO DETALLE_RESERVA VALUES ('1337','706');
INSERT INTO DETALLE_RESERVA VALUES ('1337','106');
INSERT INTO DETALLE_RESERVA VALUES ('1338','603');
INSERT INTO DETALLE_RESERVA VALUES ('1338','606');
INSERT INTO DETALLE_RESERVA VALUES ('1339','703');
INSERT INTO DETALLE_RESERVA VALUES ('1344','705');
INSERT INTO DETALLE_RESERVA VALUES ('1344','307');
INSERT INTO DETALLE_RESERVA VALUES ('1345','604');
INSERT INTO DETALLE_RESERVA VALUES ('1345','603');
INSERT INTO DETALLE_RESERVA VALUES ('1346','104');
INSERT INTO DETALLE_RESERVA VALUES ('1346','201');
INSERT INTO DETALLE_RESERVA VALUES ('1346','406');
INSERT INTO DETALLE_RESERVA VALUES ('1346','601');
INSERT INTO DETALLE_RESERVA VALUES ('1347','501');
INSERT INTO DETALLE_RESERVA VALUES ('1347','508');
INSERT INTO DETALLE_RESERVA VALUES ('1349','604');
INSERT INTO DETALLE_RESERVA VALUES ('1349','705');
INSERT INTO DETALLE_RESERVA VALUES ('1349','606');
INSERT INTO DETALLE_RESERVA VALUES ('1350','501');
INSERT INTO DETALLE_RESERVA VALUES ('1354','705');
INSERT INTO DETALLE_RESERVA VALUES ('1356','502');
INSERT INTO DETALLE_RESERVA VALUES ('1357','603');
INSERT INTO DETALLE_RESERVA VALUES ('1357','304');
INSERT INTO DETALLE_RESERVA VALUES ('1358','208');
INSERT INTO DETALLE_RESERVA VALUES ('1360','503');
INSERT INTO DETALLE_RESERVA VALUES ('1362','301');
INSERT INTO DETALLE_RESERVA VALUES ('1362','901');
INSERT INTO DETALLE_RESERVA VALUES ('1363','109');
INSERT INTO DETALLE_RESERVA VALUES ('1363','101');
INSERT INTO DETALLE_RESERVA VALUES ('1365','505');
INSERT INTO DETALLE_RESERVA VALUES ('1366','404');
INSERT INTO DETALLE_RESERVA VALUES ('1367','405');
INSERT INTO DETALLE_RESERVA VALUES ('1367','603');
INSERT INTO DETALLE_RESERVA VALUES ('1367','301');
INSERT INTO DETALLE_RESERVA VALUES ('1368','105');
INSERT INTO DETALLE_RESERVA VALUES ('1368','506');
INSERT INTO DETALLE_RESERVA VALUES ('1370','203');
INSERT INTO DETALLE_RESERVA VALUES ('1371','401');
INSERT INTO DETALLE_RESERVA VALUES ('1371','707');
INSERT INTO DETALLE_RESERVA VALUES ('1371','201');
INSERT INTO DETALLE_RESERVA VALUES ('1374','803');
INSERT INTO DETALLE_RESERVA VALUES ('1375','703');
INSERT INTO DETALLE_RESERVA VALUES ('1376','401');
INSERT INTO DETALLE_RESERVA VALUES ('1377','406');
INSERT INTO DETALLE_RESERVA VALUES ('1378','701');
INSERT INTO DETALLE_RESERVA VALUES ('1378','406');
INSERT INTO DETALLE_RESERVA VALUES ('1379','601');
INSERT INTO DETALLE_RESERVA VALUES ('1380','103');
INSERT INTO DETALLE_RESERVA VALUES ('1381','103');
INSERT INTO DETALLE_RESERVA VALUES ('1381','801');
INSERT INTO DETALLE_RESERVA VALUES ('1382','308');
INSERT INTO DETALLE_RESERVA VALUES ('1384','406');
INSERT INTO DETALLE_RESERVA VALUES ('1384','109');
INSERT INTO DETALLE_RESERVA VALUES ('1385','102');
INSERT INTO DETALLE_RESERVA VALUES ('1388','106');
INSERT INTO DETALLE_RESERVA VALUES ('1389','503');
INSERT INTO DETALLE_RESERVA VALUES ('1391','302');
INSERT INTO DETALLE_RESERVA VALUES ('1392','308');
INSERT INTO DETALLE_RESERVA VALUES ('1392','202');
INSERT INTO DETALLE_RESERVA VALUES ('1395','204');
INSERT INTO DETALLE_RESERVA VALUES ('1396','703');
INSERT INTO DETALLE_RESERVA VALUES ('1398','504');
INSERT INTO DETALLE_RESERVA VALUES ('1398','407');
INSERT INTO DETALLE_RESERVA VALUES ('1399','103');
INSERT INTO DETALLE_RESERVA VALUES ('1399','601');
INSERT INTO DETALLE_RESERVA VALUES ('1401','707');
INSERT INTO DETALLE_RESERVA VALUES ('1407','304');
INSERT INTO DETALLE_RESERVA VALUES ('1408','503');
INSERT INTO DETALLE_RESERVA VALUES ('1409','607');
INSERT INTO DETALLE_RESERVA VALUES ('1409','305');
INSERT INTO DETALLE_RESERVA VALUES ('1409','506');
INSERT INTO DETALLE_RESERVA VALUES ('1411','703');
INSERT INTO DETALLE_RESERVA VALUES ('1413','102');
INSERT INTO DETALLE_RESERVA VALUES ('1414','202');
INSERT INTO DETALLE_RESERVA VALUES ('1414','407');
INSERT INTO DETALLE_RESERVA VALUES ('1414','506');
INSERT INTO DETALLE_RESERVA VALUES ('1415','208');
INSERT INTO DETALLE_RESERVA VALUES ('1415','501');
INSERT INTO DETALLE_RESERVA VALUES ('1417','406');
INSERT INTO DETALLE_RESERVA VALUES ('1418','305');
INSERT INTO DETALLE_RESERVA VALUES ('1419','208');
INSERT INTO DETALLE_RESERVA VALUES ('1420','604');
INSERT INTO DETALLE_RESERVA VALUES ('1422','601');
INSERT INTO DETALLE_RESERVA VALUES ('1425','702');
INSERT INTO DETALLE_RESERVA VALUES ('1425','202');
INSERT INTO DETALLE_RESERVA VALUES ('1431','706');
INSERT INTO DETALLE_RESERVA VALUES ('1432','606');
INSERT INTO DETALLE_RESERVA VALUES ('1432','802');
INSERT INTO DETALLE_RESERVA VALUES ('1433','704');
INSERT INTO DETALLE_RESERVA VALUES ('1435','203');
INSERT INTO DETALLE_RESERVA VALUES ('1435','303');
INSERT INTO DETALLE_RESERVA VALUES ('1436','304');
INSERT INTO DETALLE_RESERVA VALUES ('1436','603');
INSERT INTO DETALLE_RESERVA VALUES ('1436','108');
INSERT INTO DETALLE_RESERVA VALUES ('1436','401');
INSERT INTO DETALLE_RESERVA VALUES ('1437','606');
INSERT INTO DETALLE_RESERVA VALUES ('1439','405');
INSERT INTO DETALLE_RESERVA VALUES ('1440','201');
INSERT INTO DETALLE_RESERVA VALUES ('1441','301');
INSERT INTO DETALLE_RESERVA VALUES ('1441','502');
INSERT INTO DETALLE_RESERVA VALUES ('1441','305');
INSERT INTO DETALLE_RESERVA VALUES ('1444','505');
INSERT INTO DETALLE_RESERVA VALUES ('1448','101');
INSERT INTO DETALLE_RESERVA VALUES ('1449','302');
INSERT INTO DETALLE_RESERVA VALUES ('1449','205');
INSERT INTO DETALLE_RESERVA VALUES ('1450','601');
INSERT INTO DETALLE_RESERVA VALUES ('1452','404');
INSERT INTO DETALLE_RESERVA VALUES ('1452','407');
INSERT INTO DETALLE_RESERVA VALUES ('1453','901');
INSERT INTO DETALLE_RESERVA VALUES ('1455','604');
INSERT INTO DETALLE_RESERVA VALUES ('1455','606');
INSERT INTO DETALLE_RESERVA VALUES ('1456','402');
INSERT INTO DETALLE_RESERVA VALUES ('1460','206');
INSERT INTO DETALLE_RESERVA VALUES ('1460','203');
INSERT INTO DETALLE_RESERVA VALUES ('1461','108');
INSERT INTO DETALLE_RESERVA VALUES ('1463','204');
INSERT INTO DETALLE_RESERVA VALUES ('1463','306');
INSERT INTO DETALLE_RESERVA VALUES ('1463','407');
INSERT INTO DETALLE_RESERVA VALUES ('1464','209');
INSERT INTO DETALLE_RESERVA VALUES ('1466','306');
INSERT INTO DETALLE_RESERVA VALUES ('1467','507');
INSERT INTO DETALLE_RESERVA VALUES ('1467','205');
INSERT INTO DETALLE_RESERVA VALUES ('1468','206');
INSERT INTO DETALLE_RESERVA VALUES ('1469','607');
INSERT INTO DETALLE_RESERVA VALUES ('1471','106');
INSERT INTO DETALLE_RESERVA VALUES ('1474','803');
INSERT INTO DETALLE_RESERVA VALUES ('1474','308');
INSERT INTO DETALLE_RESERVA VALUES ('1474','505');
INSERT INTO DETALLE_RESERVA VALUES ('1476','901');
INSERT INTO DETALLE_RESERVA VALUES ('1477','301');
INSERT INTO DETALLE_RESERVA VALUES ('1478','403');
INSERT INTO DETALLE_RESERVA VALUES ('1478','604');
INSERT INTO DETALLE_RESERVA VALUES ('1479','504');
INSERT INTO DETALLE_RESERVA VALUES ('1480','501');
INSERT INTO DETALLE_RESERVA VALUES ('1483','201');
INSERT INTO DETALLE_RESERVA VALUES ('1483','303');
INSERT INTO DETALLE_RESERVA VALUES ('1484','508');
INSERT INTO DETALLE_RESERVA VALUES ('1485','603');
INSERT INTO DETALLE_RESERVA VALUES ('1486','201');
INSERT INTO DETALLE_RESERVA VALUES ('1486','303');
INSERT INTO DETALLE_RESERVA VALUES ('1487','704');
INSERT INTO DETALLE_RESERVA VALUES ('1487','503');
INSERT INTO DETALLE_RESERVA VALUES ('1489','603');
INSERT INTO DETALLE_RESERVA VALUES ('1490','402');
INSERT INTO DETALLE_RESERVA VALUES ('1493','607');
INSERT INTO DETALLE_RESERVA VALUES ('1493','702');
INSERT INTO DETALLE_RESERVA VALUES ('1493','306');
INSERT INTO DETALLE_RESERVA VALUES ('1495','505');
INSERT INTO DETALLE_RESERVA VALUES ('1495','701');
INSERT INTO DETALLE_RESERVA VALUES ('1495','506');
INSERT INTO DETALLE_RESERVA VALUES ('1497','603');
INSERT INTO DETALLE_RESERVA VALUES ('1498','209');
INSERT INTO DETALLE_RESERVA VALUES ('1500','406');
INSERT INTO DETALLE_RESERVA VALUES ('1501','206');
INSERT INTO DETALLE_RESERVA VALUES ('1501','208');
INSERT INTO DETALLE_RESERVA VALUES ('1502','301');
INSERT INTO DETALLE_RESERVA VALUES ('1503','505');
INSERT INTO DETALLE_RESERVA VALUES ('1506','105');
INSERT INTO DETALLE_RESERVA VALUES ('1507','901');
INSERT INTO DETALLE_RESERVA VALUES ('1509','706');
INSERT INTO DETALLE_RESERVA VALUES ('1510','304');
INSERT INTO DETALLE_RESERVA VALUES ('1511','404');
INSERT INTO DETALLE_RESERVA VALUES ('1513','207');
INSERT INTO DETALLE_RESERVA VALUES ('1514','502');
INSERT INTO DETALLE_RESERVA VALUES ('1515','301');
INSERT INTO DETALLE_RESERVA VALUES ('1516','506');
INSERT INTO DETALLE_RESERVA VALUES ('1517','403');
INSERT INTO DETALLE_RESERVA VALUES ('1517','501');
INSERT INTO DETALLE_RESERVA VALUES ('1517','401');
INSERT INTO DETALLE_RESERVA VALUES ('1519','106');
INSERT INTO DETALLE_RESERVA VALUES ('1519','105');
INSERT INTO DETALLE_RESERVA VALUES ('1521','108');
INSERT INTO DETALLE_RESERVA VALUES ('1522','605');
INSERT INTO DETALLE_RESERVA VALUES ('1523','301');
INSERT INTO DETALLE_RESERVA VALUES ('1523','606');
INSERT INTO DETALLE_RESERVA VALUES ('1524','707');
INSERT INTO DETALLE_RESERVA VALUES ('1525','206');
INSERT INTO DETALLE_RESERVA VALUES ('1525','201');
INSERT INTO DETALLE_RESERVA VALUES ('1526','504');
INSERT INTO DETALLE_RESERVA VALUES ('1526','604');
INSERT INTO DETALLE_RESERVA VALUES ('1527','602');
INSERT INTO DETALLE_RESERVA VALUES ('1530','801');
INSERT INTO DETALLE_RESERVA VALUES ('1532','403');
INSERT INTO DETALLE_RESERVA VALUES ('1533','106');
INSERT INTO DETALLE_RESERVA VALUES ('1535','403');
INSERT INTO DETALLE_RESERVA VALUES ('1535','407');
INSERT INTO DETALLE_RESERVA VALUES ('1536','504');
INSERT INTO DETALLE_RESERVA VALUES ('1536','503');
INSERT INTO DETALLE_RESERVA VALUES ('1539','104');
INSERT INTO DETALLE_RESERVA VALUES ('1539','106');
INSERT INTO DETALLE_RESERVA VALUES ('1540','204');
INSERT INTO DETALLE_RESERVA VALUES ('1541','603');
INSERT INTO DETALLE_RESERVA VALUES ('1541','508');
INSERT INTO DETALLE_RESERVA VALUES ('1541','602');
INSERT INTO DETALLE_RESERVA VALUES ('1541','104');
INSERT INTO DETALLE_RESERVA VALUES ('1541','605');
INSERT INTO DETALLE_RESERVA VALUES ('1542','702');
INSERT INTO DETALLE_RESERVA VALUES ('1549','505');
INSERT INTO DETALLE_RESERVA VALUES ('1550','801');
INSERT INTO DETALLE_RESERVA VALUES ('1552','302');
INSERT INTO DETALLE_RESERVA VALUES ('1553','202');
INSERT INTO DETALLE_RESERVA VALUES ('1553','303');
INSERT INTO DETALLE_RESERVA VALUES ('1553','102');
INSERT INTO DETALLE_RESERVA VALUES ('1554','103');
INSERT INTO DETALLE_RESERVA VALUES ('1554','304');
INSERT INTO DETALLE_RESERVA VALUES ('1555','803');
INSERT INTO DETALLE_RESERVA VALUES ('1556','703');
INSERT INTO DETALLE_RESERVA VALUES ('1557','204');
INSERT INTO DETALLE_RESERVA VALUES ('1557','802');
INSERT INTO DETALLE_RESERVA VALUES ('1557','506');
INSERT INTO DETALLE_RESERVA VALUES ('1559','705');
INSERT INTO DETALLE_RESERVA VALUES ('1560','501');
INSERT INTO DETALLE_RESERVA VALUES ('1561','901');
INSERT INTO DETALLE_RESERVA VALUES ('1562','201');
INSERT INTO DETALLE_RESERVA VALUES ('1562','303');
INSERT INTO DETALLE_RESERVA VALUES ('1565','706');
INSERT INTO DETALLE_RESERVA VALUES ('1566','305');
INSERT INTO DETALLE_RESERVA VALUES ('1566','508');
INSERT INTO DETALLE_RESERVA VALUES ('1568','201');
INSERT INTO DETALLE_RESERVA VALUES ('1570','402');
INSERT INTO DETALLE_RESERVA VALUES ('1571','308');
INSERT INTO DETALLE_RESERVA VALUES ('1571','603');
INSERT INTO DETALLE_RESERVA VALUES ('1571','502');
INSERT INTO DETALLE_RESERVA VALUES ('1571','503');
INSERT INTO DETALLE_RESERVA VALUES ('1572','204');
INSERT INTO DETALLE_RESERVA VALUES ('1572','406');
INSERT INTO DETALLE_RESERVA VALUES ('1573','102');
INSERT INTO DETALLE_RESERVA VALUES ('1573','104');
INSERT INTO DETALLE_RESERVA VALUES ('1574','202');
INSERT INTO DETALLE_RESERVA VALUES ('1574','703');
INSERT INTO DETALLE_RESERVA VALUES ('1575','603');
INSERT INTO DETALLE_RESERVA VALUES ('1575','102');
INSERT INTO DETALLE_RESERVA VALUES ('1578','706');
INSERT INTO DETALLE_RESERVA VALUES ('1579','207');
INSERT INTO DETALLE_RESERVA VALUES ('1579','209');
INSERT INTO DETALLE_RESERVA VALUES ('1580','101');
INSERT INTO DETALLE_RESERVA VALUES ('1580','207');
INSERT INTO DETALLE_RESERVA VALUES ('1581','501');
INSERT INTO DETALLE_RESERVA VALUES ('1583','405');
INSERT INTO DETALLE_RESERVA VALUES ('1584','508');
INSERT INTO DETALLE_RESERVA VALUES ('1585','601');
INSERT INTO DETALLE_RESERVA VALUES ('1585','105');
INSERT INTO DETALLE_RESERVA VALUES ('1586','303');
INSERT INTO DETALLE_RESERVA VALUES ('1588','104');
INSERT INTO DETALLE_RESERVA VALUES ('1589','303');
INSERT INTO DETALLE_RESERVA VALUES ('1591','206');
INSERT INTO DETALLE_RESERVA VALUES ('1591','606');
INSERT INTO DETALLE_RESERVA VALUES ('1592','602');
INSERT INTO DETALLE_RESERVA VALUES ('1593','706');
INSERT INTO DETALLE_RESERVA VALUES ('1593','502');
INSERT INTO DETALLE_RESERVA VALUES ('1595','109');
INSERT INTO DETALLE_RESERVA VALUES ('1595','102');
INSERT INTO DETALLE_RESERVA VALUES ('1596','305');
INSERT INTO DETALLE_RESERVA VALUES ('1597','104');
INSERT INTO DETALLE_RESERVA VALUES ('1598','403');
INSERT INTO DETALLE_RESERVA VALUES ('1598','104');
INSERT INTO DETALLE_RESERVA VALUES ('1600','208');
INSERT INTO DETALLE_RESERVA VALUES ('1602','801');
INSERT INTO DETALLE_RESERVA VALUES ('1602','707');
INSERT INTO DETALLE_RESERVA VALUES ('1604','306');
INSERT INTO DETALLE_RESERVA VALUES ('1606','401');
INSERT INTO DETALLE_RESERVA VALUES ('1607','106');
INSERT INTO DETALLE_RESERVA VALUES ('1607','203');
INSERT INTO DETALLE_RESERVA VALUES ('1608','503');
INSERT INTO DETALLE_RESERVA VALUES ('1608','702');
INSERT INTO DETALLE_RESERVA VALUES ('1609','401');
INSERT INTO DETALLE_RESERVA VALUES ('1609','402');
INSERT INTO DETALLE_RESERVA VALUES ('1610','107');
INSERT INTO DETALLE_RESERVA VALUES ('1610','304');
INSERT INTO DETALLE_RESERVA VALUES ('1610','602');
INSERT INTO DETALLE_RESERVA VALUES ('1611','303');
INSERT INTO DETALLE_RESERVA VALUES ('1611','306');
INSERT INTO DETALLE_RESERVA VALUES ('1611','703');
INSERT INTO DETALLE_RESERVA VALUES ('1614','103');
INSERT INTO DETALLE_RESERVA VALUES ('1614','102');
INSERT INTO DETALLE_RESERVA VALUES ('1616','506');
INSERT INTO DETALLE_RESERVA VALUES ('1619','202');
INSERT INTO DETALLE_RESERVA VALUES ('1621','301');
INSERT INTO DETALLE_RESERVA VALUES ('1622','405');
INSERT INTO DETALLE_RESERVA VALUES ('1622','109');
INSERT INTO DETALLE_RESERVA VALUES ('1622','502');
INSERT INTO DETALLE_RESERVA VALUES ('1622','701');
INSERT INTO DETALLE_RESERVA VALUES ('1622','703');
INSERT INTO DETALLE_RESERVA VALUES ('1623','208');
INSERT INTO DETALLE_RESERVA VALUES ('1623','603');
INSERT INTO DETALLE_RESERVA VALUES ('1624','109');
INSERT INTO DETALLE_RESERVA VALUES ('1627','108');
INSERT INTO DETALLE_RESERVA VALUES ('1628','207');
INSERT INTO DETALLE_RESERVA VALUES ('1630','901');
INSERT INTO DETALLE_RESERVA VALUES ('1631','404');
INSERT INTO DETALLE_RESERVA VALUES ('1631','303');
INSERT INTO DETALLE_RESERVA VALUES ('1632','802');
INSERT INTO DETALLE_RESERVA VALUES ('1633','606');
INSERT INTO DETALLE_RESERVA VALUES ('1634','402');
INSERT INTO DETALLE_RESERVA VALUES ('1635','405');
INSERT INTO DETALLE_RESERVA VALUES ('1635','203');
INSERT INTO DETALLE_RESERVA VALUES ('1635','605');
INSERT INTO DETALLE_RESERVA VALUES ('1637','506');
INSERT INTO DETALLE_RESERVA VALUES ('1638','208');
INSERT INTO DETALLE_RESERVA VALUES ('1639','702');
INSERT INTO DETALLE_RESERVA VALUES ('1640','704');
INSERT INTO DETALLE_RESERVA VALUES ('1641','604');
INSERT INTO DETALLE_RESERVA VALUES ('1642','209');
INSERT INTO DETALLE_RESERVA VALUES ('1642','402');
INSERT INTO DETALLE_RESERVA VALUES ('1643','306');
INSERT INTO DETALLE_RESERVA VALUES ('1643','109');
INSERT INTO DETALLE_RESERVA VALUES ('1644','702');
INSERT INTO DETALLE_RESERVA VALUES ('1645','308');
INSERT INTO DETALLE_RESERVA VALUES ('1645','208');
INSERT INTO DETALLE_RESERVA VALUES ('1646','607');
INSERT INTO DETALLE_RESERVA VALUES ('1647','104');
INSERT INTO DETALLE_RESERVA VALUES ('1651','602');
INSERT INTO DETALLE_RESERVA VALUES ('1652','405');
INSERT INTO DETALLE_RESERVA VALUES ('1653','202');
INSERT INTO DETALLE_RESERVA VALUES ('1653','209');
INSERT INTO DETALLE_RESERVA VALUES ('1654','308');
INSERT INTO DETALLE_RESERVA VALUES ('1654','207');
INSERT INTO DETALLE_RESERVA VALUES ('1654','105');
INSERT INTO DETALLE_RESERVA VALUES ('1656','803');
INSERT INTO DETALLE_RESERVA VALUES ('1657','207');
INSERT INTO DETALLE_RESERVA VALUES ('1659','605');
INSERT INTO DETALLE_RESERVA VALUES ('1659','704');
INSERT INTO DETALLE_RESERVA VALUES ('1661','404');
INSERT INTO DETALLE_RESERVA VALUES ('1661','707');
INSERT INTO DETALLE_RESERVA VALUES ('1661','802');
INSERT INTO DETALLE_RESERVA VALUES ('1662','407');
INSERT INTO DETALLE_RESERVA VALUES ('1662','702');
INSERT INTO DETALLE_RESERVA VALUES ('1663','501');
INSERT INTO DETALLE_RESERVA VALUES ('1664','305');
INSERT INTO DETALLE_RESERVA VALUES ('1664','607');
INSERT INTO DETALLE_RESERVA VALUES ('1666','607');
INSERT INTO DETALLE_RESERVA VALUES ('1666','402');
INSERT INTO DETALLE_RESERVA VALUES ('1669','208');
INSERT INTO DETALLE_RESERVA VALUES ('1669','108');
INSERT INTO DETALLE_RESERVA VALUES ('1669','402');
INSERT INTO DETALLE_RESERVA VALUES ('1670','704');
INSERT INTO DETALLE_RESERVA VALUES ('1670','505');
INSERT INTO DETALLE_RESERVA VALUES ('1671','307');
INSERT INTO DETALLE_RESERVA VALUES ('1672','702');
INSERT INTO DETALLE_RESERVA VALUES ('1673','306');
INSERT INTO DETALLE_RESERVA VALUES ('1674','203');
INSERT INTO DETALLE_RESERVA VALUES ('1675','603');
INSERT INTO DETALLE_RESERVA VALUES ('1677','705');
INSERT INTO DETALLE_RESERVA VALUES ('1677','508');
INSERT INTO DETALLE_RESERVA VALUES ('1679','307');
INSERT INTO DETALLE_RESERVA VALUES ('1680','206');
INSERT INTO DETALLE_RESERVA VALUES ('1682','505');
INSERT INTO DETALLE_RESERVA VALUES ('1684','507');
INSERT INTO DETALLE_RESERVA VALUES ('1685','202');
INSERT INTO DETALLE_RESERVA VALUES ('1686','604');
INSERT INTO DETALLE_RESERVA VALUES ('1686','303');
INSERT INTO DETALLE_RESERVA VALUES ('1687','307');
INSERT INTO DETALLE_RESERVA VALUES ('1688','405');
INSERT INTO DETALLE_RESERVA VALUES ('1688','502');
INSERT INTO DETALLE_RESERVA VALUES ('1688','202');
INSERT INTO DETALLE_RESERVA VALUES ('1689','109');
INSERT INTO DETALLE_RESERVA VALUES ('1689','402');
INSERT INTO DETALLE_RESERVA VALUES ('1692','405');
INSERT INTO DETALLE_RESERVA VALUES ('1695','204');
INSERT INTO DETALLE_RESERVA VALUES ('1695','407');
INSERT INTO DETALLE_RESERVA VALUES ('1695','704');
INSERT INTO DETALLE_RESERVA VALUES ('1698','702');
INSERT INTO DETALLE_RESERVA VALUES ('1699','208');
INSERT INTO DETALLE_RESERVA VALUES ('1702','404');
INSERT INTO DETALLE_RESERVA VALUES ('1703','202');
INSERT INTO DETALLE_RESERVA VALUES ('1704','406');
INSERT INTO DETALLE_RESERVA VALUES ('1704','503');
INSERT INTO DETALLE_RESERVA VALUES ('1705','706');
INSERT INTO DETALLE_RESERVA VALUES ('1705','801');
INSERT INTO DETALLE_RESERVA VALUES ('1705','602');
INSERT INTO DETALLE_RESERVA VALUES ('1707','504');
INSERT INTO DETALLE_RESERVA VALUES ('1707','602');
INSERT INTO DETALLE_RESERVA VALUES ('1708','605');
INSERT INTO DETALLE_RESERVA VALUES ('1708','304');
INSERT INTO DETALLE_RESERVA VALUES ('1708','607');
INSERT INTO DETALLE_RESERVA VALUES ('1709','407');
INSERT INTO DETALLE_RESERVA VALUES ('1709','706');
INSERT INTO DETALLE_RESERVA VALUES ('1710','601');
INSERT INTO DETALLE_RESERVA VALUES ('1711','406');
INSERT INTO DETALLE_RESERVA VALUES ('1711','306');
INSERT INTO DETALLE_RESERVA VALUES ('1714','508');
INSERT INTO DETALLE_RESERVA VALUES ('1715','103');
INSERT INTO DETALLE_RESERVA VALUES ('1715','701');
INSERT INTO DETALLE_RESERVA VALUES ('1716','301');
INSERT INTO DETALLE_RESERVA VALUES ('1717','404');
INSERT INTO DETALLE_RESERVA VALUES ('1717','106');
INSERT INTO DETALLE_RESERVA VALUES ('1718','602');
INSERT INTO DETALLE_RESERVA VALUES ('1718','306');
INSERT INTO DETALLE_RESERVA VALUES ('1718','207');
INSERT INTO DETALLE_RESERVA VALUES ('1719','205');
INSERT INTO DETALLE_RESERVA VALUES ('1719','103');
INSERT INTO DETALLE_RESERVA VALUES ('1720','106');
INSERT INTO DETALLE_RESERVA VALUES ('1722','203');
INSERT INTO DETALLE_RESERVA VALUES ('1724','301');
INSERT INTO DETALLE_RESERVA VALUES ('1725','106');
INSERT INTO DETALLE_RESERVA VALUES ('1728','602');
INSERT INTO DETALLE_RESERVA VALUES ('1729','802');
INSERT INTO DETALLE_RESERVA VALUES ('1730','801');
INSERT INTO DETALLE_RESERVA VALUES ('1730','108');
INSERT INTO DETALLE_RESERVA VALUES ('1732','901');
INSERT INTO DETALLE_RESERVA VALUES ('1733','207');
INSERT INTO DETALLE_RESERVA VALUES ('1734','106');
INSERT INTO DETALLE_RESERVA VALUES ('1735','601');
INSERT INTO DETALLE_RESERVA VALUES ('1736','607');
INSERT INTO DETALLE_RESERVA VALUES ('1738','705');
INSERT INTO DETALLE_RESERVA VALUES ('1739','104');
INSERT INTO DETALLE_RESERVA VALUES ('1740','203');
INSERT INTO DETALLE_RESERVA VALUES ('1740','604');
INSERT INTO DETALLE_RESERVA VALUES ('1741','209');
INSERT INTO DETALLE_RESERVA VALUES ('1742','108');
INSERT INTO DETALLE_RESERVA VALUES ('1742','508');
INSERT INTO DETALLE_RESERVA VALUES ('1743','304');
INSERT INTO DETALLE_RESERVA VALUES ('1744','302');
INSERT INTO DETALLE_RESERVA VALUES ('1744','503');
INSERT INTO DETALLE_RESERVA VALUES ('1744','705');
INSERT INTO DETALLE_RESERVA VALUES ('1747','707');
INSERT INTO DETALLE_RESERVA VALUES ('1748','802');
INSERT INTO DETALLE_RESERVA VALUES ('1750','305');
INSERT INTO DETALLE_RESERVA VALUES ('1750','302');
INSERT INTO DETALLE_RESERVA VALUES ('1751','607');
INSERT INTO DETALLE_RESERVA VALUES ('1751','602');
INSERT INTO DETALLE_RESERVA VALUES ('1752','507');
INSERT INTO DETALLE_RESERVA VALUES ('1753','206');
INSERT INTO DETALLE_RESERVA VALUES ('1754','404');
INSERT INTO DETALLE_RESERVA VALUES ('1756','507');
INSERT INTO DETALLE_RESERVA VALUES ('1756','503');
INSERT INTO DETALLE_RESERVA VALUES ('1756','203');
INSERT INTO DETALLE_RESERVA VALUES ('1757','205');
INSERT INTO DETALLE_RESERVA VALUES ('1757','705');
INSERT INTO DETALLE_RESERVA VALUES ('1758','702');
INSERT INTO DETALLE_RESERVA VALUES ('1758','303');
INSERT INTO DETALLE_RESERVA VALUES ('1760','407');
INSERT INTO DETALLE_RESERVA VALUES ('1761','304');
INSERT INTO DETALLE_RESERVA VALUES ('1761','407');
INSERT INTO DETALLE_RESERVA VALUES ('1764','402');
INSERT INTO DETALLE_RESERVA VALUES ('1764','404');
INSERT INTO DETALLE_RESERVA VALUES ('1765','602');
INSERT INTO DETALLE_RESERVA VALUES ('1769','209');
INSERT INTO DETALLE_RESERVA VALUES ('1770','704');
INSERT INTO DETALLE_RESERVA VALUES ('1771','105');
INSERT INTO DETALLE_RESERVA VALUES ('1772','707');
INSERT INTO DETALLE_RESERVA VALUES ('1773','604');
INSERT INTO DETALLE_RESERVA VALUES ('1774','405');
INSERT INTO DETALLE_RESERVA VALUES ('1777','403');
INSERT INTO DETALLE_RESERVA VALUES ('1777','301');
INSERT INTO DETALLE_RESERVA VALUES ('1778','602');
INSERT INTO DETALLE_RESERVA VALUES ('1778','507');
INSERT INTO DETALLE_RESERVA VALUES ('1779','301');
INSERT INTO DETALLE_RESERVA VALUES ('1780','103');
INSERT INTO DETALLE_RESERVA VALUES ('1780','304');
INSERT INTO DETALLE_RESERVA VALUES ('1780','502');
INSERT INTO DETALLE_RESERVA VALUES ('1781','508');
INSERT INTO DETALLE_RESERVA VALUES ('1782','103');
INSERT INTO DETALLE_RESERVA VALUES ('1784','304');
INSERT INTO DETALLE_RESERVA VALUES ('1784','402');
INSERT INTO DETALLE_RESERVA VALUES ('1786','508');
INSERT INTO DETALLE_RESERVA VALUES ('1787','607');
INSERT INTO DETALLE_RESERVA VALUES ('1788','205');
INSERT INTO DETALLE_RESERVA VALUES ('1788','401');
INSERT INTO DETALLE_RESERVA VALUES ('1789','705');
INSERT INTO DETALLE_RESERVA VALUES ('1789','203');
INSERT INTO DETALLE_RESERVA VALUES ('1790','304');
INSERT INTO DETALLE_RESERVA VALUES ('1790','404');
INSERT INTO DETALLE_RESERVA VALUES ('1791','209');
INSERT INTO DETALLE_RESERVA VALUES ('1792','506');
INSERT INTO DETALLE_RESERVA VALUES ('1793','209');
INSERT INTO DETALLE_RESERVA VALUES ('1794','507');
INSERT INTO DETALLE_RESERVA VALUES ('1794','208');
INSERT INTO DETALLE_RESERVA VALUES ('1794','308');
INSERT INTO DETALLE_RESERVA VALUES ('1795','803');
INSERT INTO DETALLE_RESERVA VALUES ('1796','703');
INSERT INTO DETALLE_RESERVA VALUES ('1802','505');
INSERT INTO DETALLE_RESERVA VALUES ('1802','801');
INSERT INTO DETALLE_RESERVA VALUES ('1803','302');
INSERT INTO DETALLE_RESERVA VALUES ('1803','102');
INSERT INTO DETALLE_RESERVA VALUES ('1804','102');
INSERT INTO DETALLE_RESERVA VALUES ('1805','301');
INSERT INTO DETALLE_RESERVA VALUES ('1806','402');
INSERT INTO DETALLE_RESERVA VALUES ('1806','507');
INSERT INTO DETALLE_RESERVA VALUES ('1807','206');
INSERT INTO DETALLE_RESERVA VALUES ('1807','701');
INSERT INTO DETALLE_RESERVA VALUES ('1807','702');
INSERT INTO DETALLE_RESERVA VALUES ('1811','701');
INSERT INTO DETALLE_RESERVA VALUES ('1811','607');
INSERT INTO DETALLE_RESERVA VALUES ('1812','801');
INSERT INTO DETALLE_RESERVA VALUES ('1813','502');
INSERT INTO DETALLE_RESERVA VALUES ('1814','106');
INSERT INTO DETALLE_RESERVA VALUES ('1814','602');
INSERT INTO DETALLE_RESERVA VALUES ('1815','108');
INSERT INTO DETALLE_RESERVA VALUES ('1815','209');
INSERT INTO DETALLE_RESERVA VALUES ('1815','507');
INSERT INTO DETALLE_RESERVA VALUES ('1816','107');
INSERT INTO DETALLE_RESERVA VALUES ('1817','502');
INSERT INTO DETALLE_RESERVA VALUES ('1820','502');
INSERT INTO DETALLE_RESERVA VALUES ('1820','506');
INSERT INTO DETALLE_RESERVA VALUES ('1821','402');
INSERT INTO DETALLE_RESERVA VALUES ('1821','607');
INSERT INTO DETALLE_RESERVA VALUES ('1824','704');
INSERT INTO DETALLE_RESERVA VALUES ('1824','304');
INSERT INTO DETALLE_RESERVA VALUES ('1826','605');
INSERT INTO DETALLE_RESERVA VALUES ('1827','601');
INSERT INTO DETALLE_RESERVA VALUES ('1828','105');
INSERT INTO DETALLE_RESERVA VALUES ('1829','306');
INSERT INTO DETALLE_RESERVA VALUES ('1829','401');
INSERT INTO DETALLE_RESERVA VALUES ('1829','106');
INSERT INTO DETALLE_RESERVA VALUES ('1831','302');
INSERT INTO DETALLE_RESERVA VALUES ('1832','605');
INSERT INTO DETALLE_RESERVA VALUES ('1832','506');
INSERT INTO DETALLE_RESERVA VALUES ('1832','206');
INSERT INTO DETALLE_RESERVA VALUES ('1835','404');
INSERT INTO DETALLE_RESERVA VALUES ('1835','405');
INSERT INTO DETALLE_RESERVA VALUES ('1836','301');
INSERT INTO DETALLE_RESERVA VALUES ('1839','707');
INSERT INTO DETALLE_RESERVA VALUES ('1843','407');
INSERT INTO DETALLE_RESERVA VALUES ('1843','208');
INSERT INTO DETALLE_RESERVA VALUES ('1848','104');
INSERT INTO DETALLE_RESERVA VALUES ('1849','201');
INSERT INTO DETALLE_RESERVA VALUES ('1849','607');
INSERT INTO DETALLE_RESERVA VALUES ('1849','204');
INSERT INTO DETALLE_RESERVA VALUES ('1850','803');
INSERT INTO DETALLE_RESERVA VALUES ('1852','803');
INSERT INTO DETALLE_RESERVA VALUES ('1852','605');
INSERT INTO DETALLE_RESERVA VALUES ('1853','407');
INSERT INTO DETALLE_RESERVA VALUES ('1853','206');
INSERT INTO DETALLE_RESERVA VALUES ('1854','504');
INSERT INTO DETALLE_RESERVA VALUES ('1854','503');
INSERT INTO DETALLE_RESERVA VALUES ('1855','407');
INSERT INTO DETALLE_RESERVA VALUES ('1855','406');
INSERT INTO DETALLE_RESERVA VALUES ('1856','508');
INSERT INTO DETALLE_RESERVA VALUES ('1856','703');
INSERT INTO DETALLE_RESERVA VALUES ('1856','109');
INSERT INTO DETALLE_RESERVA VALUES ('1858','203');
INSERT INTO DETALLE_RESERVA VALUES ('1858','702');
INSERT INTO DETALLE_RESERVA VALUES ('1858','508');
INSERT INTO DETALLE_RESERVA VALUES ('1858','403');
INSERT INTO DETALLE_RESERVA VALUES ('1859','401');
INSERT INTO DETALLE_RESERVA VALUES ('1859','102');
INSERT INTO DETALLE_RESERVA VALUES ('1861','802');
INSERT INTO DETALLE_RESERVA VALUES ('1861','302');
INSERT INTO DETALLE_RESERVA VALUES ('1861','104');
INSERT INTO DETALLE_RESERVA VALUES ('1862','208');
INSERT INTO DETALLE_RESERVA VALUES ('1862','502');
INSERT INTO DETALLE_RESERVA VALUES ('1863','604');
INSERT INTO DETALLE_RESERVA VALUES ('1863','802');
INSERT INTO DETALLE_RESERVA VALUES ('1863','405');
INSERT INTO DETALLE_RESERVA VALUES ('1863','208');
INSERT INTO DETALLE_RESERVA VALUES ('1864','604');
INSERT INTO DETALLE_RESERVA VALUES ('1867','803');
INSERT INTO DETALLE_RESERVA VALUES ('1867','203');
INSERT INTO DETALLE_RESERVA VALUES ('1867','602');
INSERT INTO DETALLE_RESERVA VALUES ('1867','109');
INSERT INTO DETALLE_RESERVA VALUES ('1868','303');
INSERT INTO DETALLE_RESERVA VALUES ('1869','601');
INSERT INTO DETALLE_RESERVA VALUES ('1869','502');
INSERT INTO DETALLE_RESERVA VALUES ('1870','106');
INSERT INTO DETALLE_RESERVA VALUES ('1870','307');
INSERT INTO DETALLE_RESERVA VALUES ('1870','704');
INSERT INTO DETALLE_RESERVA VALUES ('1870','703');
INSERT INTO DETALLE_RESERVA VALUES ('1871','402');
INSERT INTO DETALLE_RESERVA VALUES ('1873','505');
INSERT INTO DETALLE_RESERVA VALUES ('1873','403');
INSERT INTO DETALLE_RESERVA VALUES ('1875','703');
INSERT INTO DETALLE_RESERVA VALUES ('1875','108');
INSERT INTO DETALLE_RESERVA VALUES ('1876','508');
INSERT INTO DETALLE_RESERVA VALUES ('1878','506');
INSERT INTO DETALLE_RESERVA VALUES ('1878','703');
INSERT INTO DETALLE_RESERVA VALUES ('1880','304');
INSERT INTO DETALLE_RESERVA VALUES ('1880','206');
INSERT INTO DETALLE_RESERVA VALUES ('1881','209');
INSERT INTO DETALLE_RESERVA VALUES ('1881','607');
INSERT INTO DETALLE_RESERVA VALUES ('1881','707');
INSERT INTO DETALLE_RESERVA VALUES ('1881','307');
INSERT INTO DETALLE_RESERVA VALUES ('1881','506');
INSERT INTO DETALLE_RESERVA VALUES ('1882','502');
INSERT INTO DETALLE_RESERVA VALUES ('1882','707');
INSERT INTO DETALLE_RESERVA VALUES ('1883','301');
INSERT INTO DETALLE_RESERVA VALUES ('1883','303');
INSERT INTO DETALLE_RESERVA VALUES ('1883','304');
INSERT INTO DETALLE_RESERVA VALUES ('1883','306');
INSERT INTO DETALLE_RESERVA VALUES ('1886','303');
INSERT INTO DETALLE_RESERVA VALUES ('1887','801');
INSERT INTO DETALLE_RESERVA VALUES ('1888','107');
INSERT INTO DETALLE_RESERVA VALUES ('1889','204');
INSERT INTO DETALLE_RESERVA VALUES ('1890','302');
INSERT INTO DETALLE_RESERVA VALUES ('1891','108');
INSERT INTO DETALLE_RESERVA VALUES ('1894','107');
INSERT INTO DETALLE_RESERVA VALUES ('1894','507');
INSERT INTO DETALLE_RESERVA VALUES ('1895','204');
INSERT INTO DETALLE_RESERVA VALUES ('1896','702');
INSERT INTO DETALLE_RESERVA VALUES ('1896','204');
INSERT INTO DETALLE_RESERVA VALUES ('1896','401');
INSERT INTO DETALLE_RESERVA VALUES ('1898','103');
INSERT INTO DETALLE_RESERVA VALUES ('1899','901');
INSERT INTO DETALLE_RESERVA VALUES ('1903','102');
INSERT INTO DETALLE_RESERVA VALUES ('1903','103');
INSERT INTO DETALLE_RESERVA VALUES ('1903','502');
INSERT INTO DETALLE_RESERVA VALUES ('1904','304');
INSERT INTO DETALLE_RESERVA VALUES ('1907','108');
INSERT INTO DETALLE_RESERVA VALUES ('1908','702');
INSERT INTO DETALLE_RESERVA VALUES ('1910','405');
INSERT INTO DETALLE_RESERVA VALUES ('1910','201');
INSERT INTO DETALLE_RESERVA VALUES ('1911','105');
INSERT INTO DETALLE_RESERVA VALUES ('1911','301');
INSERT INTO DETALLE_RESERVA VALUES ('1913','401');
INSERT INTO DETALLE_RESERVA VALUES ('1914','901');
INSERT INTO DETALLE_RESERVA VALUES ('1914','101');
INSERT INTO DETALLE_RESERVA VALUES ('1914','307');
INSERT INTO DETALLE_RESERVA VALUES ('1914','403');
INSERT INTO DETALLE_RESERVA VALUES ('1919','702');
INSERT INTO DETALLE_RESERVA VALUES ('1920','801');
INSERT INTO DETALLE_RESERVA VALUES ('1920','106');
INSERT INTO DETALLE_RESERVA VALUES ('1920','401');
INSERT INTO DETALLE_RESERVA VALUES ('1920','404');
INSERT INTO DETALLE_RESERVA VALUES ('1921','206');
INSERT INTO DETALLE_RESERVA VALUES ('1922','109');
INSERT INTO DETALLE_RESERVA VALUES ('1922','303');
INSERT INTO DETALLE_RESERVA VALUES ('1924','901');
INSERT INTO DETALLE_RESERVA VALUES ('1924','209');
INSERT INTO DETALLE_RESERVA VALUES ('1925','606');
INSERT INTO DETALLE_RESERVA VALUES ('1925','603');
INSERT INTO DETALLE_RESERVA VALUES ('1925','305');
INSERT INTO DETALLE_RESERVA VALUES ('1925','203');
INSERT INTO DETALLE_RESERVA VALUES ('1926','301');
INSERT INTO DETALLE_RESERVA VALUES ('1927','707');
INSERT INTO DETALLE_RESERVA VALUES ('1928','801');
INSERT INTO DETALLE_RESERVA VALUES ('1928','105');
INSERT INTO DETALLE_RESERVA VALUES ('1929','302');
INSERT INTO DETALLE_RESERVA VALUES ('1931','107');
INSERT INTO DETALLE_RESERVA VALUES ('1933','202');
INSERT INTO DETALLE_RESERVA VALUES ('1933','707');
INSERT INTO DETALLE_RESERVA VALUES ('1934','304');
INSERT INTO DETALLE_RESERVA VALUES ('1935','504');
INSERT INTO DETALLE_RESERVA VALUES ('1936','508');
INSERT INTO DETALLE_RESERVA VALUES ('1937','503');
INSERT INTO DETALLE_RESERVA VALUES ('1939','501');
INSERT INTO DETALLE_RESERVA VALUES ('1940','103');
INSERT INTO DETALLE_RESERVA VALUES ('1940','306');
INSERT INTO DETALLE_RESERVA VALUES ('1942','505');
INSERT INTO DETALLE_RESERVA VALUES ('1942','601');
INSERT INTO DETALLE_RESERVA VALUES ('1943','301');
INSERT INTO DETALLE_RESERVA VALUES ('1943','405');
INSERT INTO DETALLE_RESERVA VALUES ('1944','502');
INSERT INTO DETALLE_RESERVA VALUES ('1945','202');
INSERT INTO DETALLE_RESERVA VALUES ('1945','901');
INSERT INTO DETALLE_RESERVA VALUES ('1947','401');
INSERT INTO DETALLE_RESERVA VALUES ('1948','504');
INSERT INTO DETALLE_RESERVA VALUES ('1949','209');
INSERT INTO DETALLE_RESERVA VALUES ('1951','304');
INSERT INTO DETALLE_RESERVA VALUES ('1951','803');
INSERT INTO DETALLE_RESERVA VALUES ('1953','209');
INSERT INTO DETALLE_RESERVA VALUES ('1953','203');
INSERT INTO DETALLE_RESERVA VALUES ('1955','405');
INSERT INTO DETALLE_RESERVA VALUES ('1955','204');
INSERT INTO DETALLE_RESERVA VALUES ('1956','305');
INSERT INTO DETALLE_RESERVA VALUES ('1958','101');
INSERT INTO DETALLE_RESERVA VALUES ('1959','204');
INSERT INTO DETALLE_RESERVA VALUES ('1959','403');
INSERT INTO DETALLE_RESERVA VALUES ('1960','706');
INSERT INTO DETALLE_RESERVA VALUES ('1961','802');
INSERT INTO DETALLE_RESERVA VALUES ('1963','303');
INSERT INTO DETALLE_RESERVA VALUES ('1963','501');
INSERT INTO DETALLE_RESERVA VALUES ('1965','406');
INSERT INTO DETALLE_RESERVA VALUES ('1967','803');
INSERT INTO DETALLE_RESERVA VALUES ('1968','303');
INSERT INTO DETALLE_RESERVA VALUES ('1971','505');
INSERT INTO DETALLE_RESERVA VALUES ('1971','702');
INSERT INTO DETALLE_RESERVA VALUES ('1972','101');
INSERT INTO DETALLE_RESERVA VALUES ('1973','504');
INSERT INTO DETALLE_RESERVA VALUES ('1973','303');
INSERT INTO DETALLE_RESERVA VALUES ('1975','302');
INSERT INTO DETALLE_RESERVA VALUES ('1975','505');
INSERT INTO DETALLE_RESERVA VALUES ('1976','802');
INSERT INTO DETALLE_RESERVA VALUES ('1977','406');
INSERT INTO DETALLE_RESERVA VALUES ('1977','202');
INSERT INTO DETALLE_RESERVA VALUES ('1980','107');
INSERT INTO DETALLE_RESERVA VALUES ('1982','603');
INSERT INTO DETALLE_RESERVA VALUES ('1983','202');
INSERT INTO DETALLE_RESERVA VALUES ('1984','106');
INSERT INTO DETALLE_RESERVA VALUES ('1984','104');
INSERT INTO DETALLE_RESERVA VALUES ('1984','208');
INSERT INTO DETALLE_RESERVA VALUES ('1984','209');
INSERT INTO DETALLE_RESERVA VALUES ('1986','301');
INSERT INTO DETALLE_RESERVA VALUES ('1986','606');
INSERT INTO DETALLE_RESERVA VALUES ('1987','304');
INSERT INTO DETALLE_RESERVA VALUES ('1988','202');
INSERT INTO DETALLE_RESERVA VALUES ('1988','502');
INSERT INTO DETALLE_RESERVA VALUES ('1991','204');
INSERT INTO DETALLE_RESERVA VALUES ('1992','201');
INSERT INTO DETALLE_RESERVA VALUES ('1994','404');
INSERT INTO DETALLE_RESERVA VALUES ('1994','106');
INSERT INTO DETALLE_RESERVA VALUES ('1995','501');
INSERT INTO DETALLE_RESERVA VALUES ('1995','108');
INSERT INTO DETALLE_RESERVA VALUES ('1997','306');
INSERT INTO DETALLE_RESERVA VALUES ('2000','703');

INSERT INTO consumo VALUES ('10333','1039','340055','38');
INSERT INTO consumo VALUES ('10336','1002','340016','120');
INSERT INTO consumo VALUES ('10337','924','340615','116');
INSERT INTO consumo VALUES ('10338','1495','340307','53');
INSERT INTO consumo VALUES ('10341','972','340406','28');
INSERT INTO consumo VALUES ('10342','1364','340409','52');
INSERT INTO consumo VALUES ('10343','1984','340064','59');
INSERT INTO consumo VALUES ('10344','1341','340442','68');
INSERT INTO consumo VALUES ('10345','1596','340599','31');
INSERT INTO consumo VALUES ('10347','984','340092','96');
INSERT INTO consumo VALUES ('10350','1173','340536','72');
INSERT INTO consumo VALUES ('10351','1591','340223','100');
INSERT INTO consumo VALUES ('10353','1124','340197','26');
INSERT INTO consumo VALUES ('10355','1764','340611','82');
INSERT INTO consumo VALUES ('10356','1834','340461','78');
INSERT INTO consumo VALUES ('10357','920','340691','88');
INSERT INTO consumo VALUES ('10359','1524','340671','67');
INSERT INTO consumo VALUES ('10360','1016','340440','64');
INSERT INTO consumo VALUES ('10362','1102','340307','54');
INSERT INTO consumo VALUES ('10363','1860','340658','29');
INSERT INTO consumo VALUES ('10364','1202','340692','22');
INSERT INTO consumo VALUES ('10365','936','340599','100');
INSERT INTO consumo VALUES ('10367','1878','340016','70');
INSERT INTO consumo VALUES ('10369','887','340698','91');
INSERT INTO consumo VALUES ('10373','1748','340559','63');
INSERT INTO consumo VALUES ('10376','1546','340521','25');
INSERT INTO consumo VALUES ('10377','1769','340364','108');
INSERT INTO consumo VALUES ('10378','1974','340383','49');
INSERT INTO consumo VALUES ('10379','1448','340515','47');
INSERT INTO consumo VALUES ('10380','998','340650','97');
INSERT INTO consumo VALUES ('10381','1591','340223','120');
INSERT INTO consumo VALUES ('10383','965','340509','39');
INSERT INTO consumo VALUES ('10384','1206','340636','70');
INSERT INTO consumo VALUES ('10386','1612','340397','65');
INSERT INTO consumo VALUES ('10388','1748','340559','37');
INSERT INTO consumo VALUES ('10389','1951','340298','35');
INSERT INTO consumo VALUES ('10390','1286','340147','53');
INSERT INTO consumo VALUES ('10392','1219','340101','28');
INSERT INTO consumo VALUES ('10393','1690','340264','30');
INSERT INTO consumo VALUES ('10395','930','340106','69');
INSERT INTO consumo VALUES ('10396','992','340667','63');
INSERT INTO consumo VALUES ('10397','1109','340104','90');
INSERT INTO consumo VALUES ('10398','1422','340249','80');
INSERT INTO consumo VALUES ('10399','1593','340525','79');
INSERT INTO consumo VALUES ('10405','1771','340643','93');
INSERT INTO consumo VALUES ('10406','1185','340597','75');
INSERT INTO consumo VALUES ('10407','867','340343','76');
INSERT INTO consumo VALUES ('10409','1965','340273','110');
INSERT INTO consumo VALUES ('10410','1186','340285','98');
INSERT INTO consumo VALUES ('10412','1481','340171','46');
INSERT INTO consumo VALUES ('10413','1382','340694','79');
INSERT INTO consumo VALUES ('10414','1041','340484','80');
INSERT INTO consumo VALUES ('10416','1062','340133','38');
INSERT INTO consumo VALUES ('10417','1361','340036','102');
INSERT INTO consumo VALUES ('10418','1161','340515','63');
INSERT INTO consumo VALUES ('10419','1998','340557','57');
INSERT INTO consumo VALUES ('10420','1325','340426','118');
INSERT INTO consumo VALUES ('10421','1311','340082','31');
INSERT INTO consumo VALUES ('10422','1532','340451','100');
INSERT INTO consumo VALUES ('10424','1461','340379','35');
INSERT INTO consumo VALUES ('10426','1288','340101','80');
INSERT INTO consumo VALUES ('10427','1694','340103','41');
INSERT INTO consumo VALUES ('10429','1407','340060','31');
INSERT INTO consumo VALUES ('10432','1158','340478','103');
INSERT INTO consumo VALUES ('10434','1095','340412','31');
INSERT INTO consumo VALUES ('10435','1900','340050','84');
INSERT INTO consumo VALUES ('10436','937','340379','25');
INSERT INTO consumo VALUES ('10438','1502','340440','105');
INSERT INTO consumo VALUES ('10442','1386','340282','88');
INSERT INTO consumo VALUES ('10444','1159','340228','35');
INSERT INTO consumo VALUES ('10448','864','340135','43');
INSERT INTO consumo VALUES ('10451','959','340014','54');
INSERT INTO consumo VALUES ('10453','1636','340694','72');
INSERT INTO consumo VALUES ('10457','913','340653','37');
INSERT INTO consumo VALUES ('10460','954','340339','27');
INSERT INTO consumo VALUES ('10463','873','340008','94');
INSERT INTO consumo VALUES ('10464','924','340615','116');
INSERT INTO consumo VALUES ('10465','1355','340427','80');
INSERT INTO consumo VALUES ('10466','1520','340379','117');
INSERT INTO consumo VALUES ('10467','1071','340397','62');
INSERT INTO consumo VALUES ('10468','1078','340420','113');
INSERT INTO consumo VALUES ('10470','1477','340053','61');
INSERT INTO consumo VALUES ('10472','1443','340490','67');
INSERT INTO consumo VALUES ('10473','1899','340243','61');
INSERT INTO consumo VALUES ('10474','970','340636','61');
INSERT INTO consumo VALUES ('10475','1888','340672','40');
INSERT INTO consumo VALUES ('10477','1723','340653','116');
INSERT INTO consumo VALUES ('10478','1805','340321','52');
INSERT INTO consumo VALUES ('10480','1232','340529','62');
INSERT INTO consumo VALUES ('10481','1517','340498','80');
INSERT INTO consumo VALUES ('10484','941','340196','40');
INSERT INTO consumo VALUES ('10485','1801','340467','118');
INSERT INTO consumo VALUES ('10486','1963','340483','76');
INSERT INTO consumo VALUES ('10487','1304','340076','116');
INSERT INTO consumo VALUES ('10488','1848','340112','66');
INSERT INTO consumo VALUES ('10490','1465','340303','42');
INSERT INTO consumo VALUES ('10493','1768','340161','32');
INSERT INTO consumo VALUES ('10494','1757','340220','77');
INSERT INTO consumo VALUES ('10498','1657','340170','111');
INSERT INTO consumo VALUES ('10501','1526','340067','73');
INSERT INTO consumo VALUES ('10502','1296','340171','81');
INSERT INTO consumo VALUES ('10505','1676','340498','111');
INSERT INTO consumo VALUES ('10506','1699','340072','51');
INSERT INTO consumo VALUES ('10507','1458','340472','79');
INSERT INTO consumo VALUES ('10509','1248','340256','69');
INSERT INTO consumo VALUES ('10510','1998','340557','30');
INSERT INTO consumo VALUES ('10511','1158','340478','97');
INSERT INTO consumo VALUES ('10512','910','340510','113');
INSERT INTO consumo VALUES ('10513','1067','340065','102');
INSERT INTO consumo VALUES ('10517','878','340474','116');
INSERT INTO consumo VALUES ('10518','1322','340035','60');
INSERT INTO consumo VALUES ('10520','1107','340368','30');
INSERT INTO consumo VALUES ('10522','1000','340447','23');
INSERT INTO consumo VALUES ('10525','998','340650','88');
INSERT INTO consumo VALUES ('10526','1614','340100','44');
INSERT INTO consumo VALUES ('10528','1811','340335','56');
INSERT INTO consumo VALUES ('10530','1953','340601','85');
INSERT INTO consumo VALUES ('10531','955','340145','33');
INSERT INTO consumo VALUES ('10532','1605','340599','74');
INSERT INTO consumo VALUES ('10535','1073','340352','52');
INSERT INTO consumo VALUES ('10536','1279','340222','40');
INSERT INTO consumo VALUES ('10537','1426','340153','61');
INSERT INTO consumo VALUES ('10538','1252','340205','86');
INSERT INTO consumo VALUES ('10541','1019','340426','51');
INSERT INTO consumo VALUES ('10542','866','340691','48');
INSERT INTO consumo VALUES ('10544','1546','340521','66');
INSERT INTO consumo VALUES ('10545','901','340551','105');
INSERT INTO consumo VALUES ('10547','1443','340490','92');
INSERT INTO consumo VALUES ('10548','1822','340686','60');
INSERT INTO consumo VALUES ('10549','1867','340511','39');
INSERT INTO consumo VALUES ('10550','1465','340303','101');
INSERT INTO consumo VALUES ('10552','1075','340198','85');
INSERT INTO consumo VALUES ('10553','1522','340643','54');
INSERT INTO consumo VALUES ('10557','917','340324','84');
INSERT INTO consumo VALUES ('10560','1017','340319','97');
INSERT INTO consumo VALUES ('10561','1123','340189','108');
INSERT INTO consumo VALUES ('10563','1658','340614','43');
INSERT INTO consumo VALUES ('10564','1991','340288','115');
INSERT INTO consumo VALUES ('10565','1113','340009','59');
INSERT INTO consumo VALUES ('10568','914','340562','25');
INSERT INTO consumo VALUES ('10570','1149','340424','69');
INSERT INTO consumo VALUES ('10571','1966','340518','46');
INSERT INTO consumo VALUES ('10573','1866','340549','76');
INSERT INTO consumo VALUES ('10574','1152','340351','107');
INSERT INTO consumo VALUES ('10582','1058','340006','74');
INSERT INTO consumo VALUES ('10584','1316','340171','82');
INSERT INTO consumo VALUES ('10585','964','340394','52');
INSERT INTO consumo VALUES ('10586','1994','340486','54');
INSERT INTO consumo VALUES ('10587','1885','340130','108');
INSERT INTO consumo VALUES ('10588','1586','340131','21');
INSERT INTO consumo VALUES ('10591','921','340622','117');
INSERT INTO consumo VALUES ('10592','1632','340617','86');
INSERT INTO consumo VALUES ('10593','1329','340623','45');
INSERT INTO consumo VALUES ('10595','1569','340322','79');
INSERT INTO consumo VALUES ('10596','1600','340594','97');
INSERT INTO consumo VALUES ('10598','1623','340594','104');
INSERT INTO consumo VALUES ('10600','1396','340174','82');
INSERT INTO consumo VALUES ('10602','1676','340498','108');
INSERT INTO consumo VALUES ('10604','1470','340335','86');
INSERT INTO consumo VALUES ('10606','1041','340484','53');
INSERT INTO consumo VALUES ('10608','1246','340149','55');
INSERT INTO consumo VALUES ('10610','1521','340644','71');
INSERT INTO consumo VALUES ('10611','1193','340559','105');
INSERT INTO consumo VALUES ('10614','1286','340147','26');
INSERT INTO consumo VALUES ('10624','1194','340678','117');
INSERT INTO consumo VALUES ('10627','1623','340594','77');
INSERT INTO consumo VALUES ('10628','927','340095','85');
INSERT INTO consumo VALUES ('10631','1515','340260','68');
INSERT INTO consumo VALUES ('10632','1902','340108','58');
INSERT INTO consumo VALUES ('10633','1025','340514','70');
INSERT INTO consumo VALUES ('10634','1727','340375','92');
INSERT INTO consumo VALUES ('10635','1650','340672','24');
INSERT INTO consumo VALUES ('10639','1950','340483','46');
INSERT INTO consumo VALUES ('10642','1846','340613','56');
INSERT INTO consumo VALUES ('10646','1964','340647','91');
INSERT INTO consumo VALUES ('10648','1680','340171','119');
INSERT INTO consumo VALUES ('10651','1162','340017','71');
INSERT INTO consumo VALUES ('10652','1335','340528','67');
INSERT INTO consumo VALUES ('10653','1421','340052','107');
INSERT INTO consumo VALUES ('10654','1532','340451','79');
INSERT INTO consumo VALUES ('10656','1847','340581','95');
INSERT INTO consumo VALUES ('10657','1082','340296','119');
INSERT INTO consumo VALUES ('10658','1781','340138','39');
INSERT INTO consumo VALUES ('10661','1838','340676','43');
INSERT INTO consumo VALUES ('10662','1955','340096','33');
INSERT INTO consumo VALUES ('10663','1296','340171','45');
INSERT INTO consumo VALUES ('10665','900','340035','102');
INSERT INTO consumo VALUES ('10670','1358','340430','112');
INSERT INTO consumo VALUES ('10672','1545','340657','38');
INSERT INTO consumo VALUES ('10674','1586','340131','39');
INSERT INTO consumo VALUES ('10676','1663','340423','108');
INSERT INTO consumo VALUES ('10678','1577','340351','36');
INSERT INTO consumo VALUES ('10680','1007','340281','116');
INSERT INTO consumo VALUES ('10681','996','340383','26');
INSERT INTO consumo VALUES ('10682','1825','340626','84');
INSERT INTO consumo VALUES ('10683','1555','340617','49');
INSERT INTO consumo VALUES ('10684','1283','340267','108');
INSERT INTO consumo VALUES ('10688','873','340008','117');
INSERT INTO consumo VALUES ('10689','1795','340193','43');
INSERT INTO consumo VALUES ('10691','1040','340060','101');
INSERT INTO consumo VALUES ('10697','903','340249','96');
INSERT INTO consumo VALUES ('10698','1097','340668','64');
INSERT INTO consumo VALUES ('10699','1922','340055','40');
INSERT INTO consumo VALUES ('10700','1625','340063','40');
INSERT INTO consumo VALUES ('10702','1085','340442','59');
INSERT INTO consumo VALUES ('10703','1845','340687','97');
INSERT INTO consumo VALUES ('10704','1052','340336','61');
INSERT INTO consumo VALUES ('10705','1605','340599','67');
INSERT INTO consumo VALUES ('10709','1096','340327','63');
INSERT INTO consumo VALUES ('10711','1868','340262','73');
INSERT INTO consumo VALUES ('10712','1004','340680','44');
INSERT INTO consumo VALUES ('10713','1985','340456','66');
INSERT INTO consumo VALUES ('10714','1344','340446','96');
INSERT INTO consumo VALUES ('10716','1212','340286','41');
INSERT INTO consumo VALUES ('10717','1084','340696','93');
INSERT INTO consumo VALUES ('10718','1383','340665','74');
INSERT INTO consumo VALUES ('10719','1719','340338','76');
INSERT INTO consumo VALUES ('10723','1919','340252','85');
INSERT INTO consumo VALUES ('10728','1583','340004','52');
INSERT INTO consumo VALUES ('10730','1014','340390','115');
INSERT INTO consumo VALUES ('10731','1581','340450','118');
INSERT INTO consumo VALUES ('10732','1060','340236','39');
INSERT INTO consumo VALUES ('10734','902','340544','38');
INSERT INTO consumo VALUES ('10735','978','340248','65');
INSERT INTO consumo VALUES ('10736','1826','340263','60');
INSERT INTO consumo VALUES ('10737','1180','340384','111');
INSERT INTO consumo VALUES ('10739','1008','340293','108');
INSERT INTO consumo VALUES ('10741','1139','340359','93');
INSERT INTO consumo VALUES ('10742','1049','340159','80');
INSERT INTO consumo VALUES ('10743','1831','340304','46');
INSERT INTO consumo VALUES ('10744','920','340691','63');
INSERT INTO consumo VALUES ('10745','1277','340347','71');
INSERT INTO consumo VALUES ('10747','1332','340251','99');
INSERT INTO consumo VALUES ('10748','911','340168','45');
INSERT INTO consumo VALUES ('10751','1258','340033','49');
INSERT INTO consumo VALUES ('10753','1992','340248','113');
INSERT INTO consumo VALUES ('10754','1741','340673','68');
INSERT INTO consumo VALUES ('10755','1342','340279','77');
INSERT INTO consumo VALUES ('10756','1107','340368','20');
INSERT INTO consumo VALUES ('10757','1233','340387','60');
INSERT INTO consumo VALUES ('10758','1237','340151','100');
INSERT INTO consumo VALUES ('10760','1076','340002','20');
INSERT INTO consumo VALUES ('10761','1446','340285','111');
INSERT INTO consumo VALUES ('10762','1109','340104','54');
INSERT INTO consumo VALUES ('10763','1077','340133','24');
INSERT INTO consumo VALUES ('10764','1361','340036','73');
INSERT INTO consumo VALUES ('10765','1489','340365','48');
INSERT INTO consumo VALUES ('10770','1383','340665','34');
INSERT INTO consumo VALUES ('10771','965','340509','76');
INSERT INTO consumo VALUES ('10772','995','340261','48');
INSERT INTO consumo VALUES ('10773','1906','340269','43');
INSERT INTO consumo VALUES ('10778','1229','340239','64');
INSERT INTO consumo VALUES ('10782','961','340671','119');
INSERT INTO consumo VALUES ('10783','1402','340396','54');
INSERT INTO consumo VALUES ('10784','1429','340074','20');
INSERT INTO consumo VALUES ('10789','1051','340209','53');
INSERT INTO consumo VALUES ('10792','1552','340129','33');
INSERT INTO consumo VALUES ('10793','1781','340138','64');
INSERT INTO consumo VALUES ('10794','1352','340651','39');
INSERT INTO consumo VALUES ('10795','1890','340619','106');
INSERT INTO consumo VALUES ('10798','1650','340672','30');
INSERT INTO consumo VALUES ('10800','1232','340529','84');
INSERT INTO consumo VALUES ('10801','1811','340335','60');
INSERT INTO consumo VALUES ('10802','1563','340196','56');
INSERT INTO consumo VALUES ('10803','1219','340101','77');
INSERT INTO consumo VALUES ('10804','1291','340098','74');
INSERT INTO consumo VALUES ('10805','977','340295','27');
INSERT INTO consumo VALUES ('10806','1646','340134','57');
INSERT INTO consumo VALUES ('10807','1599','340129','118');
INSERT INTO consumo VALUES ('10808','1580','340395','102');
INSERT INTO consumo VALUES ('10809','877','340609','97');
INSERT INTO consumo VALUES ('10810','1772','340274','86');
INSERT INTO consumo VALUES ('10811','1606','340539','45');
INSERT INTO consumo VALUES ('10812','1977','340440','36');
INSERT INTO consumo VALUES ('10813','1023','340540','64');
INSERT INTO consumo VALUES ('10814','1251','340222','77');
INSERT INTO consumo VALUES ('10815','1638','340588','54');
INSERT INTO consumo VALUES ('10817','1125','340130','71');
INSERT INTO consumo VALUES ('10818','1389','340086','102');
INSERT INTO consumo VALUES ('10821','903','340249','41');
INSERT INTO consumo VALUES ('10823','1567','340081','69');
INSERT INTO consumo VALUES ('10826','1408','340201','63');
INSERT INTO consumo VALUES ('10829','1771','340643','94');
INSERT INTO consumo VALUES ('10830','1446','340285','23');
INSERT INTO consumo VALUES ('10832','1294','340219','24');
INSERT INTO consumo VALUES ('10837','1771','340643','64');
INSERT INTO consumo VALUES ('10838','1935','340655','41');
INSERT INTO consumo VALUES ('10839','945','340558','106');
INSERT INTO consumo VALUES ('10840','1713','340641','70');
INSERT INTO consumo VALUES ('10842','1747','340665','75');
INSERT INTO consumo VALUES ('10843','1866','340549','68');
INSERT INTO consumo VALUES ('10845','1789','340309','94');
INSERT INTO consumo VALUES ('10849','1912','340056','94');
INSERT INTO consumo VALUES ('10851','1050','340202','22');
INSERT INTO consumo VALUES ('10853','1436','340144','45');
INSERT INTO consumo VALUES ('10855','907','340357','69');
INSERT INTO consumo VALUES ('10857','1876','340666','64');
INSERT INTO consumo VALUES ('10858','1083','340211','107');
INSERT INTO consumo VALUES ('10862','1191','340297','65');
INSERT INTO consumo VALUES ('10864','1664','340045','73');
INSERT INTO consumo VALUES ('10865','1287','340685','40');
INSERT INTO consumo VALUES ('10867','892','340181','103');
INSERT INTO consumo VALUES ('10870','1046','340489','83');
INSERT INTO consumo VALUES ('10873','1295','340394','107');
INSERT INTO consumo VALUES ('10874','1850','340352','86');
INSERT INTO consumo VALUES ('10876','1402','340396','73');
INSERT INTO consumo VALUES ('10877','1260','340123','118');
INSERT INTO consumo VALUES ('10878','1129','340325','29');
INSERT INTO consumo VALUES ('10881','1127','340238','63');
INSERT INTO consumo VALUES ('10882','1139','340359','64');
INSERT INTO consumo VALUES ('10885','1715','340656','41');
INSERT INTO consumo VALUES ('10886','1248','340256','62');
INSERT INTO consumo VALUES ('10890','1599','340129','44');
INSERT INTO consumo VALUES ('10891','940','340320','97');
INSERT INTO consumo VALUES ('10892','1483','340463','115');
INSERT INTO consumo VALUES ('10894','1366','340685','117');
INSERT INTO consumo VALUES ('10899','1704','340451','60');
INSERT INTO consumo VALUES ('10901','962','340043','40');
INSERT INTO consumo VALUES ('10903','1163','340462','21');
INSERT INTO consumo VALUES ('10908','1826','340263','77');
INSERT INTO consumo VALUES ('10910','1025','340514','58');
INSERT INTO consumo VALUES ('10913','1267','340476','34');
INSERT INTO consumo VALUES ('10914','1771','340643','72');
INSERT INTO consumo VALUES ('10915','949','340271','107');
INSERT INTO consumo VALUES ('10916','1610','340225','75');
INSERT INTO consumo VALUES ('10917','1970','340050','46');
INSERT INTO consumo VALUES ('10920','1947','340685','71');
INSERT INTO consumo VALUES ('10923','1456','340028','107');
INSERT INTO consumo VALUES ('10925','1973','340239','84');
INSERT INTO consumo VALUES ('10928','1001','340377','108');
INSERT INTO consumo VALUES ('10931','1169','340147','76');
INSERT INTO consumo VALUES ('10933','1563','340196','101');
INSERT INTO consumo VALUES ('10935','1681','340018','43');
INSERT INTO consumo VALUES ('10937','1778','340294','90');
INSERT INTO consumo VALUES ('10938','1926','340337','116');
INSERT INTO consumo VALUES ('10940','1010','340079','31');
INSERT INTO consumo VALUES ('10943','917','340324','114');
INSERT INTO consumo VALUES ('10944','1518','340578','98');
INSERT INTO consumo VALUES ('10945','1401','340142','21');
INSERT INTO consumo VALUES ('10949','1680','340171','36');
INSERT INTO consumo VALUES ('10950','962','340043','57');
INSERT INTO consumo VALUES ('10955','920','340691','117');
INSERT INTO consumo VALUES ('10959','1197','340130','99');
INSERT INTO consumo VALUES ('10960','1986','340193','57');
INSERT INTO consumo VALUES ('10964','1044','340458','55');
INSERT INTO consumo VALUES ('10965','1430','340188','101');
INSERT INTO consumo VALUES ('10967','890','340660','63');
INSERT INTO consumo VALUES ('10968','1300','340061','22');
INSERT INTO consumo VALUES ('10969','953','340504','34');
INSERT INTO consumo VALUES ('10970','1294','340219','111');
INSERT INTO consumo VALUES ('10971','1535','340617','43');
INSERT INTO consumo VALUES ('10973','1119','340488','32');
INSERT INTO consumo VALUES ('10974','1027','340275','75');
INSERT INTO consumo VALUES ('10977','1769','340364','70');
INSERT INTO consumo VALUES ('10980','1771','340643','111');
INSERT INTO consumo VALUES ('10985','1845','340687','22');
INSERT INTO consumo VALUES ('10986','1910','340494','30');
INSERT INTO consumo VALUES ('10987','1029','340570','74');
INSERT INTO consumo VALUES ('10988','1975','340520','48');
INSERT INTO consumo VALUES ('10989','1694','340103','27');
INSERT INTO consumo VALUES ('10990','1138','340216','96');
INSERT INTO consumo VALUES ('10991','913','340653','67');
INSERT INTO consumo VALUES ('10992','1711','340145','43');
INSERT INTO consumo VALUES ('10993','1574','340519','43');
INSERT INTO consumo VALUES ('10994','943','340513','99');
INSERT INTO consumo VALUES ('10995','1623','340594','46');
INSERT INTO consumo VALUES ('10997','1784','340688','32');
INSERT INTO consumo VALUES ('10998','1812','340137','102');
INSERT INTO consumo VALUES ('10999','1391','340633','26');
INSERT INTO consumo VALUES ('11001','1728','340216','76');
INSERT INTO consumo VALUES ('11003','1570','340283','51');
INSERT INTO consumo VALUES ('11005','892','340181','110');
INSERT INTO consumo VALUES ('11006','1099','340086','51');
INSERT INTO consumo VALUES ('11007','1837','340002','21');
INSERT INTO consumo VALUES ('11011','1164','340381','112');
INSERT INTO consumo VALUES ('11012','979','340431','82');
INSERT INTO consumo VALUES ('11013','1669','340644','110');
INSERT INTO consumo VALUES ('11014','1105','340453','84');
INSERT INTO consumo VALUES ('11020','1931','340251','113');
INSERT INTO consumo VALUES ('11022','1537','340283','118');
INSERT INTO consumo VALUES ('11024','1189','340048','91');
INSERT INTO consumo VALUES ('11025','1302','340035','68');
INSERT INTO consumo VALUES ('11026','1077','340133','36');
INSERT INTO consumo VALUES ('11027','1739','340287','59');
INSERT INTO consumo VALUES ('11028','960','340306','31');
INSERT INTO consumo VALUES ('11029','951','340689','30');
INSERT INTO consumo VALUES ('11032','1244','340593','32');
INSERT INTO consumo VALUES ('11035','1673','340566','80');
INSERT INTO consumo VALUES ('11036','1767','340609','20');
INSERT INTO consumo VALUES ('11037','1116','340210','108');
INSERT INTO consumo VALUES ('11040','905','340193','33');
INSERT INTO consumo VALUES ('11041','1883','340390','79');
INSERT INTO consumo VALUES ('11043','1631','340199','30');
INSERT INTO consumo VALUES ('11045','1782','340165','117');
INSERT INTO consumo VALUES ('11046','1844','340191','98');
INSERT INTO consumo VALUES ('11048','1899','340243','22');
INSERT INTO consumo VALUES ('11049','1830','340494','66');
INSERT INTO consumo VALUES ('11050','1446','340285','68');
INSERT INTO consumo VALUES ('11051','1655','340055','113');
INSERT INTO consumo VALUES ('11053','1802','340133','53');
INSERT INTO consumo VALUES ('11054','1405','340292','49');
INSERT INTO consumo VALUES ('11055','865','340489','108');
INSERT INTO consumo VALUES ('11056','1467','340449','96');
INSERT INTO consumo VALUES ('11058','1313','340035','68');
INSERT INTO consumo VALUES ('11061','1261','340271','93');
INSERT INTO consumo VALUES ('11062','939','340153','36');
INSERT INTO consumo VALUES ('11063','1248','340256','30');
INSERT INTO consumo VALUES ('11065','1934','340048','93');
INSERT INTO consumo VALUES ('11066','1131','340524','72');
INSERT INTO consumo VALUES ('11067','1767','340609','93');
INSERT INTO consumo VALUES ('11068','1815','340686','63');
INSERT INTO consumo VALUES ('11069','1711','340145','66');
INSERT INTO consumo VALUES ('11071','1254','340628','78');
INSERT INTO consumo VALUES ('11073','1604','340349','30');
INSERT INTO consumo VALUES ('11074','917','340324','64');
INSERT INTO consumo VALUES ('11075','1557','340422','102');
INSERT INTO consumo VALUES ('11076','1345','340501','33');
INSERT INTO consumo VALUES ('11078','1061','340626','97');
INSERT INTO consumo VALUES ('11079','1988','340579','98');
INSERT INTO consumo VALUES ('11080','1344','340446','73');
INSERT INTO consumo VALUES ('11082','1710','340389','94');
INSERT INTO consumo VALUES ('11083','1347','340626','63');
INSERT INTO consumo VALUES ('11085','1237','340151','47');
INSERT INTO consumo VALUES ('11086','1408','340201','60');
INSERT INTO consumo VALUES ('11088','1077','340133','101');
INSERT INTO consumo VALUES ('11090','1740','340216','43');
INSERT INTO consumo VALUES ('11092','1265','340087','93');
INSERT INTO consumo VALUES ('11095','961','340671','90');
INSERT INTO consumo VALUES ('11096','1564','340062','26');
INSERT INTO consumo VALUES ('11099','1831','340304','110');
INSERT INTO consumo VALUES ('11100','1333','340577','93');
INSERT INTO consumo VALUES ('11102','1185','340597','120');
INSERT INTO consumo VALUES ('11107','1161','340515','114');
INSERT INTO consumo VALUES ('11108','1941','340060','84');
INSERT INTO consumo VALUES ('11111','1397','340593','42');
INSERT INTO consumo VALUES ('11112','934','340668','79');
INSERT INTO consumo VALUES ('11113','1023','340540','75');
INSERT INTO consumo VALUES ('11114','1198','340003','112');
INSERT INTO consumo VALUES ('11116','1058','340006','89');
INSERT INTO consumo VALUES ('11117','1862','340455','44');
INSERT INTO consumo VALUES ('11118','1269','340255','72');
INSERT INTO consumo VALUES ('11120','1351','340441','53');
INSERT INTO consumo VALUES ('11121','1705','340184','48');
INSERT INTO consumo VALUES ('11125','1532','340451','34');
INSERT INTO consumo VALUES ('11130','1428','340593','90');
INSERT INTO consumo VALUES ('11131','1343','340398','98');
INSERT INTO consumo VALUES ('11132','1520','340379','87');
INSERT INTO consumo VALUES ('11138','1003','340234','51');
INSERT INTO consumo VALUES ('11140','1554','340319','66');
INSERT INTO consumo VALUES ('11142','1764','340611','109');
INSERT INTO consumo VALUES ('11145','905','340193','67');
INSERT INTO consumo VALUES ('11147','1756','340469','120');
INSERT INTO consumo VALUES ('11149','940','340320','103');
INSERT INTO consumo VALUES ('11150','1721','340567','75');
INSERT INTO consumo VALUES ('11153','1455','340043','45');
INSERT INTO consumo VALUES ('11154','1564','340062','104');
INSERT INTO consumo VALUES ('11156','1376','340156','56');
INSERT INTO consumo VALUES ('11160','1004','340680','39');
INSERT INTO consumo VALUES ('11162','1096','340327','91');
INSERT INTO consumo VALUES ('11165','1785','340082','70');
INSERT INTO consumo VALUES ('11166','1389','340086','53');
INSERT INTO consumo VALUES ('11167','1394','340585','90');
INSERT INTO consumo VALUES ('11170','1190','340700','48');
INSERT INTO consumo VALUES ('11172','1198','340003','100');
INSERT INTO consumo VALUES ('11173','1199','340686','50');
INSERT INTO consumo VALUES ('11176','965','340509','64');
INSERT INTO consumo VALUES ('11177','1379','340402','109');
INSERT INTO consumo VALUES ('11182','1082','340296','81');
INSERT INTO consumo VALUES ('11184','988','340663','80');
INSERT INTO consumo VALUES ('11187','1154','340124','112');
INSERT INTO consumo VALUES ('11188','1558','340364','81');
INSERT INTO consumo VALUES ('11189','882','340159','22');
INSERT INTO consumo VALUES ('11190','1048','340263','52');
INSERT INTO consumo VALUES ('11191','1464','340209','92');
INSERT INTO consumo VALUES ('11195','1116','340210','101');
INSERT INTO consumo VALUES ('11198','1034','340138','108');
INSERT INTO consumo VALUES ('11200','1613','340442','103');
INSERT INTO consumo VALUES ('11201','1213','340074','23');
INSERT INTO consumo VALUES ('11203','1564','340062','43');
INSERT INTO consumo VALUES ('11207','921','340622','111');
INSERT INTO consumo VALUES ('11209','1543','340632','39');
INSERT INTO consumo VALUES ('11212','1976','340013','69');
INSERT INTO consumo VALUES ('11214','1176','340038','95');
INSERT INTO consumo VALUES ('11215','926','340664','79');
INSERT INTO consumo VALUES ('11217','1341','340442','72');
INSERT INTO consumo VALUES ('11218','1153','340609','89');
INSERT INTO consumo VALUES ('11219','1512','340266','93');
INSERT INTO consumo VALUES ('11220','1483','340463','87');
INSERT INTO consumo VALUES ('11222','1280','340114','60');
INSERT INTO consumo VALUES ('11223','1241','340622','75');
INSERT INTO consumo VALUES ('11224','1213','340074','46');
INSERT INTO consumo VALUES ('11226','1369','340077','49');
INSERT INTO consumo VALUES ('11228','1008','340293','90');
INSERT INTO consumo VALUES ('11229','1028','340442','26');
INSERT INTO consumo VALUES ('11231','1313','340035','94');
INSERT INTO consumo VALUES ('11235','1436','340144','74');
INSERT INTO consumo VALUES ('11236','887','340698','100');
INSERT INTO consumo VALUES ('11237','1008','340293','81');
INSERT INTO consumo VALUES ('11239','1865','340077','21');
INSERT INTO consumo VALUES ('11240','1014','340390','90');
INSERT INTO consumo VALUES ('11244','1812','340137','62');
INSERT INTO consumo VALUES ('11245','1558','340364','102');
INSERT INTO consumo VALUES ('11247','1046','340489','114');
INSERT INTO consumo VALUES ('11248','1503','340687','23');
INSERT INTO consumo VALUES ('11249','1666','340303','23');
INSERT INTO consumo VALUES ('11251','1252','340205','112');
INSERT INTO consumo VALUES ('11253','1516','340016','44');
INSERT INTO consumo VALUES ('11254','1976','340013','31');
INSERT INTO consumo VALUES ('11255','1970','340050','64');
INSERT INTO consumo VALUES ('11256','1542','340245','114');
INSERT INTO consumo VALUES ('11258','1098','340198','28');
INSERT INTO consumo VALUES ('11259','1847','340581','58');
INSERT INTO consumo VALUES ('11262','1131','340524','56');
INSERT INTO consumo VALUES ('11263','1358','340430','59');
INSERT INTO consumo VALUES ('11267','1897','340030','97');
INSERT INTO consumo VALUES ('11268','998','340650','46');
INSERT INTO consumo VALUES ('11269','1783','340510','109');
INSERT INTO consumo VALUES ('11271','1447','340285','73');
INSERT INTO consumo VALUES ('11275','1839','340256','97');
INSERT INTO consumo VALUES ('11276','1860','340658','76');
INSERT INTO consumo VALUES ('11277','1525','340090','48');
INSERT INTO consumo VALUES ('11278','1383','340665','39');
INSERT INTO consumo VALUES ('11279','1770','340458','52');
INSERT INTO consumo VALUES ('11280','1364','340409','82');
INSERT INTO consumo VALUES ('11282','1347','340626','64');
INSERT INTO consumo VALUES ('11283','1664','340045','64');
INSERT INTO consumo VALUES ('11289','1427','340632','22');
INSERT INTO consumo VALUES ('11292','1712','340271','110');
INSERT INTO consumo VALUES ('11293','1416','340203','21');
INSERT INTO consumo VALUES ('11294','1138','340216','49');
INSERT INTO consumo VALUES ('11295','1351','340441','81');
INSERT INTO consumo VALUES ('11298','1137','340405','112');
INSERT INTO consumo VALUES ('11299','1450','340418','23');
INSERT INTO consumo VALUES ('11302','1679','340517','107');
INSERT INTO consumo VALUES ('11305','1113','340009','83');
INSERT INTO consumo VALUES ('11306','1348','340545','117');
INSERT INTO consumo VALUES ('11307','893','340166','112');
INSERT INTO consumo VALUES ('11308','1488','340621','62');
INSERT INTO consumo VALUES ('11310','1358','340430','22');
INSERT INTO consumo VALUES ('11311','1089','340514','40');
INSERT INTO consumo VALUES ('11315','1501','340469','43');
INSERT INTO consumo VALUES ('11316','1380','340658','74');
INSERT INTO consumo VALUES ('11322','1135','340072','82');
INSERT INTO consumo VALUES ('11323','962','340043','33');
INSERT INTO consumo VALUES ('11324','1749','340529','21');
INSERT INTO consumo VALUES ('11325','1995','340157','33');
INSERT INTO consumo VALUES ('11327','1914','340546','39');
INSERT INTO consumo VALUES ('11329','1553','340498','99');
INSERT INTO consumo VALUES ('11331','1222','340399','54');
INSERT INTO consumo VALUES ('11332','1869','340253','84');
INSERT INTO consumo VALUES ('11334','1431','340198','117');
INSERT INTO consumo VALUES ('11336','1253','340678','93');
INSERT INTO consumo VALUES ('11337','1388','340093','32');
INSERT INTO consumo VALUES ('11338','1901','340677','25');
INSERT INTO consumo VALUES ('11339','1508','340131','29');
INSERT INTO consumo VALUES ('11340','1092','340262','67');
INSERT INTO consumo VALUES ('11341','1145','340183','73');
INSERT INTO consumo VALUES ('11343','1463','340623','85');
INSERT INTO consumo VALUES ('11349','1104','340356','60');
INSERT INTO consumo VALUES ('11350','1431','340198','54');
INSERT INTO consumo VALUES ('11355','1557','340422','98');
INSERT INTO consumo VALUES ('11356','1947','340685','114');
INSERT INTO consumo VALUES ('11357','1302','340035','44');
INSERT INTO consumo VALUES ('11360','1500','340396','25');
INSERT INTO consumo VALUES ('11361','1955','340096','60');
INSERT INTO consumo VALUES ('11362','1330','340036','59');
INSERT INTO consumo VALUES ('11366','1648','340405','90');
INSERT INTO consumo VALUES ('11368','921','340622','28');
INSERT INTO consumo VALUES ('11369','1169','340147','64');
INSERT INTO consumo VALUES ('11373','1986','340193','24');
INSERT INTO consumo VALUES ('11375','1122','340432','23');
INSERT INTO consumo VALUES ('11376','1878','340016','113');
INSERT INTO consumo VALUES ('11377','1417','340594','119');
INSERT INTO consumo VALUES ('11378','1139','340359','58');
INSERT INTO consumo VALUES ('11379','1645','340298','74');
INSERT INTO consumo VALUES ('11380','1777','340419','32');
INSERT INTO consumo VALUES ('11381','1721','340567','43');
INSERT INTO consumo VALUES ('11382','1430','340188','112');
INSERT INTO consumo VALUES ('11383','1979','340322','95');
INSERT INTO consumo VALUES ('11384','1153','340609','113');
INSERT INTO consumo VALUES ('11387','1719','340338','51');
INSERT INTO consumo VALUES ('11390','1271','340157','84');
INSERT INTO consumo VALUES ('11393','1809','340305','100');
INSERT INTO consumo VALUES ('11394','1505','340698','97');
INSERT INTO consumo VALUES ('11396','1878','340016','78');
INSERT INTO consumo VALUES ('11398','1035','340644','57');
INSERT INTO consumo VALUES ('11400','1367','340211','119');
INSERT INTO consumo VALUES ('11401','1567','340081','35');
INSERT INTO consumo VALUES ('11402','1973','340239','46');
INSERT INTO consumo VALUES ('11403','1076','340002','111');
INSERT INTO consumo VALUES ('11405','1459','340092','86');
INSERT INTO consumo VALUES ('11407','1527','340641','104');
INSERT INTO consumo VALUES ('11409','1003','340234','102');
INSERT INTO consumo VALUES ('11411','1334','340251','33');
INSERT INTO consumo VALUES ('11412','1061','340626','52');
INSERT INTO consumo VALUES ('11413','1729','340418','120');
INSERT INTO consumo VALUES ('11414','1011','340595','103');
INSERT INTO consumo VALUES ('11415','1233','340387','42');
INSERT INTO consumo VALUES ('11418','1714','340350','45');
INSERT INTO consumo VALUES ('11419','1010','340079','51');
INSERT INTO consumo VALUES ('11422','1150','340025','58');
INSERT INTO consumo VALUES ('11423','1163','340462','60');
INSERT INTO consumo VALUES ('11424','1434','340368','89');
INSERT INTO consumo VALUES ('11425','1568','340482','95');
INSERT INTO consumo VALUES ('11427','1054','340386','20');
INSERT INTO consumo VALUES ('11428','1569','340322','66');
INSERT INTO consumo VALUES ('11431','1828','340583','28');
INSERT INTO consumo VALUES ('11432','887','340698','73');
INSERT INTO consumo VALUES ('11435','930','340106','118');
INSERT INTO consumo VALUES ('11436','1702','340671','36');
INSERT INTO consumo VALUES ('11439','1476','340440','49');
INSERT INTO consumo VALUES ('11444','883','340604','40');
INSERT INTO consumo VALUES ('11446','1204','340539','103');
INSERT INTO consumo VALUES ('11449','966','340648','33');
INSERT INTO consumo VALUES ('11450','1652','340175','25');
INSERT INTO consumo VALUES ('11451','990','340463','47');
INSERT INTO consumo VALUES ('11453','1449','340215','55');
INSERT INTO consumo VALUES ('11456','928','340214','61');
INSERT INTO consumo VALUES ('11457','1116','340210','53');
INSERT INTO consumo VALUES ('11459','1620','340074','114');
INSERT INTO consumo VALUES ('11462','1502','340440','57');
INSERT INTO consumo VALUES ('11465','1568','340482','77');
INSERT INTO consumo VALUES ('11467','1387','340623','105');
INSERT INTO consumo VALUES ('11469','1075','340198','22');
INSERT INTO consumo VALUES ('11470','1962','340693','72');
INSERT INTO consumo VALUES ('11472','1924','340313','54');
INSERT INTO consumo VALUES ('11473','1583','340004','63');
INSERT INTO consumo VALUES ('11475','1719','340338','117');
INSERT INTO consumo VALUES ('11476','1315','340389','89');
INSERT INTO consumo VALUES ('11477','1819','340603','96');
INSERT INTO consumo VALUES ('11481','1777','340419','42');
INSERT INTO consumo VALUES ('11482','915','340476','54');
INSERT INTO consumo VALUES ('11483','1086','340330','45');
INSERT INTO consumo VALUES ('11484','1575','340024','102');
INSERT INTO consumo VALUES ('11485','1673','340566','80');
INSERT INTO consumo VALUES ('11486','1514','340684','66');
INSERT INTO consumo VALUES ('11490','1511','340014','82');
INSERT INTO consumo VALUES ('11491','960','340306','26');
INSERT INTO consumo VALUES ('11492','1865','340077','81');
INSERT INTO consumo VALUES ('11493','1964','340647','80');
INSERT INTO consumo VALUES ('11494','956','340619','24');
INSERT INTO consumo VALUES ('11496','1587','340039','95');
INSERT INTO consumo VALUES ('11498','1453','340457','61');
INSERT INTO consumo VALUES ('11500','1840','340021','90');
INSERT INTO consumo VALUES ('11501','1826','340263','23');
INSERT INTO consumo VALUES ('11503','1409','340228','112');
INSERT INTO consumo VALUES ('11507','1330','340036','51');
INSERT INTO consumo VALUES ('11508','1442','340120','96');
INSERT INTO consumo VALUES ('11511','1063','340416','68');
INSERT INTO consumo VALUES ('11513','1511','340014','66');
INSERT INTO consumo VALUES ('11514','1782','340165','25');
INSERT INTO consumo VALUES ('11515','1205','340237','28');
INSERT INTO consumo VALUES ('11516','1618','340514','65');
INSERT INTO consumo VALUES ('11519','1085','340442','37');
INSERT INTO consumo VALUES ('11521','1992','340248','114');
INSERT INTO consumo VALUES ('11522','1990','340542','115');
INSERT INTO consumo VALUES ('11523','1610','340225','46');
INSERT INTO consumo VALUES ('11524','1453','340457','32');
INSERT INTO consumo VALUES ('11526','1733','340149','59');
INSERT INTO consumo VALUES ('10001','1722','340573','28');
INSERT INTO consumo VALUES ('10007','1109','340104','103');
INSERT INTO consumo VALUES ('10009','1455','340043','98');
INSERT INTO consumo VALUES ('10013','1223','340700','95');
INSERT INTO consumo VALUES ('10018','1646','340134','58');
INSERT INTO consumo VALUES ('10019','1956','340273','113');
INSERT INTO consumo VALUES ('10020','1867','340511','36');
INSERT INTO consumo VALUES ('10021','1648','340405','67');
INSERT INTO consumo VALUES ('10025','1415','340253','80');
INSERT INTO consumo VALUES ('10027','1181','340280','61');
INSERT INTO consumo VALUES ('10029','1078','340420','88');
INSERT INTO consumo VALUES ('10030','1708','340346','61');
INSERT INTO consumo VALUES ('10033','1094','340112','84');
INSERT INTO consumo VALUES ('10035','1987','340145','88');
INSERT INTO consumo VALUES ('10036','1117','340379','53');
INSERT INTO consumo VALUES ('10037','1697','340361','96');
INSERT INTO consumo VALUES ('10038','1945','340570','68');
INSERT INTO consumo VALUES ('10041','1424','340425','90');
INSERT INTO consumo VALUES ('10043','974','340664','103');
INSERT INTO consumo VALUES ('10044','1628','340241','42');
INSERT INTO consumo VALUES ('10045','1312','340455','31');
INSERT INTO consumo VALUES ('10046','1638','340588','109');
INSERT INTO consumo VALUES ('10047','1692','340426','48');
INSERT INTO consumo VALUES ('10048','1375','340506','51');
INSERT INTO consumo VALUES ('10052','1923','340240','97');
INSERT INTO consumo VALUES ('10053','1318','340117','98');
INSERT INTO consumo VALUES ('10054','1960','340382','56');
INSERT INTO consumo VALUES ('10055','1278','340285','83');
INSERT INTO consumo VALUES ('10057','1094','340112','29');
INSERT INTO consumo VALUES ('10060','1615','340089','22');
INSERT INTO consumo VALUES ('10061','1991','340288','40');
INSERT INTO consumo VALUES ('10062','1761','340267','110');
INSERT INTO consumo VALUES ('10066','1784','340688','118');
INSERT INTO consumo VALUES ('10067','1624','340393','56');
INSERT INTO consumo VALUES ('10073','1961','340303','85');
INSERT INTO consumo VALUES ('10075','1564','340062','76');
INSERT INTO consumo VALUES ('10076','1991','340288','22');
INSERT INTO consumo VALUES ('10077','1269','340255','27');
INSERT INTO consumo VALUES ('10079','1110','340657','42');
INSERT INTO consumo VALUES ('10082','1231','340673','109');
INSERT INTO consumo VALUES ('10083','1272','340128','92');
INSERT INTO consumo VALUES ('10084','1342','340279','33');
INSERT INTO consumo VALUES ('10085','1543','340632','107');
INSERT INTO consumo VALUES ('10086','1658','340614','106');
INSERT INTO consumo VALUES ('10087','1912','340056','37');
INSERT INTO consumo VALUES ('10088','1763','340219','98');
INSERT INTO consumo VALUES ('10090','1251','340222','50');
INSERT INTO consumo VALUES ('10092','1461','340379','35');
INSERT INTO consumo VALUES ('10094','1247','340233','72');
INSERT INTO consumo VALUES ('10095','1653','340015','90');
INSERT INTO consumo VALUES ('10101','1979','340322','49');
INSERT INTO consumo VALUES ('10102','1074','340076','65');
INSERT INTO consumo VALUES ('10103','942','340132','114');
INSERT INTO consumo VALUES ('10104','1291','340098','88');
INSERT INTO consumo VALUES ('10105','1961','340303','58');
INSERT INTO consumo VALUES ('10106','1500','340396','88');
INSERT INTO consumo VALUES ('10110','1912','340056','33');
INSERT INTO consumo VALUES ('10114','1619','340307','39');
INSERT INTO consumo VALUES ('10115','1675','340373','76');
INSERT INTO consumo VALUES ('10116','1043','340508','99');
INSERT INTO consumo VALUES ('10117','1545','340657','42');
INSERT INTO consumo VALUES ('10118','1205','340237','114');
INSERT INTO consumo VALUES ('10120','1335','340528','88');
INSERT INTO consumo VALUES ('10124','871','340497','28');
INSERT INTO consumo VALUES ('10126','902','340544','95');
INSERT INTO consumo VALUES ('10131','1622','340348','46');
INSERT INTO consumo VALUES ('10133','1715','340656','37');
INSERT INTO consumo VALUES ('10134','1193','340559','116');
INSERT INTO consumo VALUES ('10135','1456','340028','48');
INSERT INTO consumo VALUES ('10136','1063','340416','89');
INSERT INTO consumo VALUES ('10141','963','340678','74');
INSERT INTO consumo VALUES ('10142','993','340183','42');
INSERT INTO consumo VALUES ('10144','1081','340639','21');
INSERT INTO consumo VALUES ('10146','1171','340211','108');
INSERT INTO consumo VALUES ('10148','1583','340004','43');
INSERT INTO consumo VALUES ('10153','1380','340658','92');
INSERT INTO consumo VALUES ('10154','1706','340697','51');
INSERT INTO consumo VALUES ('10155','1518','340578','61');
INSERT INTO consumo VALUES ('10156','1519','340177','77');
INSERT INTO consumo VALUES ('10157','1254','340628','115');
INSERT INTO consumo VALUES ('10158','1586','340131','57');
INSERT INTO consumo VALUES ('10159','1094','340112','97');
INSERT INTO consumo VALUES ('10163','1958','340453','110');
INSERT INTO consumo VALUES ('10171','1091','340352','86');
INSERT INTO consumo VALUES ('10172','1005','340430','29');
INSERT INTO consumo VALUES ('10173','1032','340484','106');
INSERT INTO consumo VALUES ('10174','1809','340305','118');
INSERT INTO consumo VALUES ('10176','1784','340688','40');
INSERT INTO consumo VALUES ('10179','1958','340453','116');
INSERT INTO consumo VALUES ('10180','1648','340405','106');
INSERT INTO consumo VALUES ('10181','1793','340253','81');
INSERT INTO consumo VALUES ('10182','1429','340074','100');
INSERT INTO consumo VALUES ('10183','1690','340264','98');
INSERT INTO consumo VALUES ('10184','1038','340386','109');
INSERT INTO consumo VALUES ('10187','1621','340470','56');
INSERT INTO consumo VALUES ('10188','1832','340021','120');
INSERT INTO consumo VALUES ('10190','1133','340563','49');
INSERT INTO consumo VALUES ('10193','1057','340651','94');
INSERT INTO consumo VALUES ('10194','1918','340640','33');
INSERT INTO consumo VALUES ('10198','893','340166','91');
INSERT INTO consumo VALUES ('10199','1057','340651','72');
INSERT INTO consumo VALUES ('10200','1849','340006','27');
INSERT INTO consumo VALUES ('10202','1042','340099','21');
INSERT INTO consumo VALUES ('10203','1724','340204','48');
INSERT INTO consumo VALUES ('10205','1470','340335','114');
INSERT INTO consumo VALUES ('10206','1050','340202','102');
INSERT INTO consumo VALUES ('10207','1638','340588','35');
INSERT INTO consumo VALUES ('10209','1604','340349','93');
INSERT INTO consumo VALUES ('10212','1685','340273','23');
INSERT INTO consumo VALUES ('10213','1670','340001','58');
INSERT INTO consumo VALUES ('10214','1422','340249','92');
INSERT INTO consumo VALUES ('10215','1607','340168','99');
INSERT INTO consumo VALUES ('10217','1628','340241','29');
INSERT INTO consumo VALUES ('10218','954','340339','105');
INSERT INTO consumo VALUES ('10219','1943','340182','72');
INSERT INTO consumo VALUES ('10220','1870','340049','51');
INSERT INTO consumo VALUES ('10222','1357','340450','73');
INSERT INTO consumo VALUES ('10224','1375','340506','83');
INSERT INTO consumo VALUES ('10226','1595','340071','114');
INSERT INTO consumo VALUES ('10228','1134','340596','29');
INSERT INTO consumo VALUES ('10232','1723','340653','31');
INSERT INTO consumo VALUES ('10233','1518','340578','25');
INSERT INTO consumo VALUES ('10234','1167','340520','23');
INSERT INTO consumo VALUES ('10235','1039','340055','67');
INSERT INTO consumo VALUES ('10236','936','340599','73');
INSERT INTO consumo VALUES ('10238','1238','340504','114');
INSERT INTO consumo VALUES ('10240','1265','340087','76');
INSERT INTO consumo VALUES ('10242','1021','340376','64');
INSERT INTO consumo VALUES ('10243','1807','340151','53');
INSERT INTO consumo VALUES ('10246','934','340668','31');
INSERT INTO consumo VALUES ('10247','1675','340373','93');
INSERT INTO consumo VALUES ('10249','1277','340347','118');
INSERT INTO consumo VALUES ('10251','1450','340418','85');
INSERT INTO consumo VALUES ('10252','1190','340700','20');
INSERT INTO consumo VALUES ('10253','1262','340646','34');
INSERT INTO consumo VALUES ('10254','1478','340160','97');
INSERT INTO consumo VALUES ('10255','1879','340460','93');
INSERT INTO consumo VALUES ('10258','1167','340520','47');
INSERT INTO consumo VALUES ('10259','1172','340616','53');
INSERT INTO consumo VALUES ('10260','1994','340486','98');
INSERT INTO consumo VALUES ('10261','940','340320','101');
INSERT INTO consumo VALUES ('10262','1045','340418','93');
INSERT INTO consumo VALUES ('10265','1981','340674','23');
INSERT INTO consumo VALUES ('10267','1669','340644','33');
INSERT INTO consumo VALUES ('10269','901','340551','26');
INSERT INTO consumo VALUES ('10270','1357','340450','95');
INSERT INTO consumo VALUES ('10276','1434','340368','70');
INSERT INTO consumo VALUES ('10277','1401','340142','43');
INSERT INTO consumo VALUES ('10278','1016','340440','118');
INSERT INTO consumo VALUES ('10279','1801','340467','26');
INSERT INTO consumo VALUES ('10280','1850','340352','79');
INSERT INTO consumo VALUES ('10283','1175','340474','85');
INSERT INTO consumo VALUES ('10287','1725','340262','36');
INSERT INTO consumo VALUES ('10288','1657','340170','90');
INSERT INTO consumo VALUES ('10289','1968','340381','39');
INSERT INTO consumo VALUES ('10291','1890','340619','84');
INSERT INTO consumo VALUES ('10294','1513','340090','89');
INSERT INTO consumo VALUES ('10295','1529','340109','113');
INSERT INTO consumo VALUES ('10298','1129','340325','93');
INSERT INTO consumo VALUES ('10301','940','340320','82');
INSERT INTO consumo VALUES ('10303','1780','340235','65');
INSERT INTO consumo VALUES ('10307','1029','340570','110');
INSERT INTO consumo VALUES ('10308','1544','340639','98');
INSERT INTO consumo VALUES ('10309','1585','340429','49');
INSERT INTO consumo VALUES ('10310','1911','340463','58');
INSERT INTO consumo VALUES ('10312','1751','340373','82');
INSERT INTO consumo VALUES ('10313','1370','340006','53');
INSERT INTO consumo VALUES ('10314','920','340691','72');
INSERT INTO consumo VALUES ('10315','890','340660','79');
INSERT INTO consumo VALUES ('10316','1851','340006','35');
INSERT INTO consumo VALUES ('10318','1332','340251','110');
INSERT INTO consumo VALUES ('10321','1639','340156','75');
INSERT INTO consumo VALUES ('10322','1812','340137','113');
INSERT INTO consumo VALUES ('10323','1813','340015','98');
INSERT INTO consumo VALUES ('10325','1448','340515','25');
INSERT INTO consumo VALUES ('10326','983','340663','20');
INSERT INTO consumo VALUES ('10327','1173','340536','51');
INSERT INTO consumo VALUES ('10331','885','340534','105');

INSERT INTO tramos_consumos VALUES (1, 0, 50, 0);
INSERT INTO tramos_consumos VALUES (2, 51, 100, 0.05);
INSERT INTO tramos_consumos VALUES (3, 101, 200, 0.07);
INSERT INTO tramos_consumos VALUES (4, 201, 300, 0.10);
INSERT INTO tramos_consumos VALUES (5, 301, 500, 0.15);
INSERT INTO tramos_consumos VALUES (6, 501, 1000, 0.20);

INSERT INTO tour  VALUES (1,'Valle de la Luna',65,'Medio DÌa');
INSERT INTO tour  VALUES (2,'Lagunas Altipl·nicas',79,'DÌa Completo');
INSERT INTO tour  VALUES (3,'Salar de Atacama',45,'DÌa Completo');
INSERT INTO tour  VALUES (4,'Geisers del Tatio',57,'Dia Completo');
INSERT INTO tour  VALUES (5,'Tour arqueolÛgico',45,'DÌa Completo');
INSERT INTO tour  VALUES (6,'Valle de la muerte',56,'DÌa Completo');
INSERT INTO tour  VALUES (7,'Laguna CÈjar',30,'Medio DÌa');

INSERT INTO huesped_tour (id_huesped, id_tour, num_personas) VALUES (340001,1,2);
INSERT INTO huesped_tour (id_huesped, id_tour, num_personas) VALUES (340002,1,3);
INSERT INTO huesped_tour (id_huesped, id_tour, num_personas) VALUES (340004,2,3);
INSERT INTO huesped_tour (id_huesped, id_tour, num_personas) VALUES (340009,1,4);
INSERT INTO huesped_tour (id_huesped, id_tour, num_personas) VALUES (340010,1,1);
INSERT INTO huesped_tour (id_huesped, id_tour, num_personas) VALUES (340010,3,2);
INSERT INTO huesped_tour (id_huesped, id_tour, num_personas) VALUES (340013,1,1);
INSERT INTO huesped_tour (id_huesped, id_tour, num_personas) VALUES (340014,2,4);
INSERT INTO huesped_tour (id_huesped, id_tour, num_personas) VALUES (340017,3,3);
INSERT INTO huesped_tour (id_huesped, id_tour, num_personas) VALUES (340019,4,2);
INSERT INTO huesped_tour (id_huesped, id_tour, num_personas) VALUES (340019,4,3);
INSERT INTO huesped_tour (id_huesped, id_tour, num_personas) VALUES (340020,1,1);
INSERT INTO huesped_tour (id_huesped, id_tour, num_personas) VALUES (340022,3,1);
INSERT INTO huesped_tour (id_huesped, id_tour, num_personas) VALUES (340023,2,2);
INSERT INTO huesped_tour (id_huesped, id_tour, num_personas) VALUES (340025,1,2);
INSERT INTO huesped_tour (id_huesped, id_tour, num_personas) VALUES (340026,2,1);
INSERT INTO huesped_tour (id_huesped, id_tour, num_personas) VALUES (340028,3,3);
INSERT INTO huesped_tour (id_huesped, id_tour, num_personas) VALUES (340031,4,1);
INSERT INTO huesped_tour (id_huesped, id_tour, num_personas) VALUES (340045,2,3);
INSERT INTO huesped_tour (id_huesped, id_tour, num_personas) VALUES (340287,2,2);
INSERT INTO huesped_tour (id_huesped, id_tour, num_personas) VALUES (340026,1,2);
INSERT INTO huesped_tour (id_huesped, id_tour, num_personas) VALUES (340002,1,2);

INSERT INTO total_consumos
SELECT id_huesped, SUM(monto) 
FROM consumo
GROUP BY id_huesped
ORDER BY id_huesped;
COMMIT;






